你已经一秒钟没回我了 好的那这边就先不打扰您了 祝你生活愉快再见. #找我🐯 #拍照姿势 #fyp @热点(O40300129),1,小视频,"fyp,找我🐯,拍照姿势",http://120.238.155.163/upic/2023/04/21/17/BMjAyMzA0MjExNzA3NThfMjE1OTUyNjM3N18xMDExMzc4NzY5NTRfMV8z_b_Bb9c9993f8e10ed29f02c894b5d2c58b3.mp4
#PUBG国际服  #吃鸡bug,1,小视频,"PUBG国际服,吃鸡bug",http://120.240.96.227/upic/2023/04/08/14/BMjAyMzA0MDgxNDQxMjlfMjU2NTAwNTJfMTAwMTAzNjU1ODc1XzJfMw==_b_B6e05d4c0e36f2fd455982e864dc215bf.mp4
#流浪歌手的流浪生活 #真人真事传递正能量 #这首歌唱得太好听了 感应千万,1,小视频,"流浪歌手的流浪生活,真人真事传递正能量,这首歌唱得太好听了",http://120.233.198.10/upic/2023/04/28/19/BMjAyMzA0MjgxOTIwNTFfNzkzNjQ1NjA4XzEwMTY3MjgzNTQ1Nl8xXzM=_b_B6bd36b97203324fa95d23c4396f3e2e2.mp4
#游戏凡星计划  #游戏人过春节  #cf进阶无界 穿越火线：USP雷暴王者你们准备入手几个？ @凡星小助手(O1815060167)  @游戏热点(O40300010) ,1,小视频,"cf进阶无界 穿越火线：USP雷暴王者你们准备入手几个？ @凡星小助手(O1815060167)  @游戏热点(O40300010) ,游戏人过春节,游戏凡星计划",http://120.238.155.158/upic/2023/03/14/16/BMjAyMzAzMTQxNjM1NDRfNDk4MTI5NTIxXzk4MTk0Mzk4MjM5XzBfMw==_b_Bed904147ddd1fd3b5b7fad9de6838f5f.mp4
你们催很久的粉底液推荐来啦 #贴贴阿豫 #平价彩妆,1,小视频,"平价彩妆,贴贴阿豫",http://120.234.167.77/upic/2022/12/11/18/BMjAyMjEyMTExODMwMTVfMjk1MTE1NTEwMF85MDg5NDEyMDQ0Ml8xXzM=_b_Bb256244f853977571ee0340ec7c64113.mp4
#仙侠新游戏 #4月1号山海神域 #全网首发原创,1,小视频,"4月1号山海神域,仙侠新游戏,全网首发原创",http://120.240.96.227/upic/2023/04/01/13/BMjAyMzA0MDExMzI1MDFfMTEzODIzNzIzNl85OTUwMDI2MDg5MV8yXzM=_b_B9ecdd38cdaf8e11703f2d56474b7ac98.mp4
#快乐呼呼呼 #提到了你 #距离你100米,1,小视频,"快乐呼呼呼,提到了你,距离你100米",http://120.238.155.162/upic/2023/04/20/11/BMjAyMzA0MjAxMTQ3MjBfMzQzODA5NTM3Nl8xMDEwNDU4OTMzOTJfMl8z_b_B3e76cef0e5ec306e4935e2735fd6c3e6.mp4
什么帅不帅 你就说爱不爱. #单身荣耀舞 @冬挽鑫(O1669057551),1,小视频,单身荣耀舞,http://120.240.96.216/upic/2023/04/23/10/BMjAyMzA0MjMxMDIyMDdfMTI2MTI2OTA0NV8xMDEyOTM3NjUwODZfMl8z_b_B5d8f286365ad82bb4e8bf4bf4736f407.mp4
留着旧照片等老了，好好看一看，过去的路是怎么走过来的好好回忆回忆一下,1,小视频,,http://120.240.96.212/upic/2023/04/30/23/BMjAyMzA0MzAyMzA3NDBfMTgzMjEwMDM4N18xMDE5MTE0NzI1OTZfMl8z_b_Bebd32e26372099e56c1d02e558632fd7.mp4
香的一批，隔壁小孩都馋哭了ฅ(๑ ̀ㅅ ́๑)ฅ #美食,1,小视频,美食,http://120.238.155.142/upic/2023/04/28/22/BMjAyMzA0MjgyMjEzMjhfMzQ0Nzc2NTM3N18xMDE2OTM1OTA4NzFfMV8z_b_Bed95cf97ffc3d3e919eb6f843850115e.mp4
不开心要跟我说 我可不想让别人来哄你 @热点(O40300129) @涨粉助手(O1815060199) @我要上热门(O1907752910) #音乐,1,小视频,音乐,http://120.238.155.150/upic/2023/04/29/20/BMjAyMzA0MjkyMDIwMDJfMjY4NjA5MjI0NF8xMDE3ODMxNzY1MTBfMV8z_b_B5fb07e2e149cc24397f3da8bcb0ed275.mp4
新兰就是爱情的代名词 #今天又是爱名柯的一天 #名侦探柯南剧场版 #新兰永恒,1,小视频,"今天又是爱名柯的一天,名侦探柯南剧场版,新兰永恒",http://120.234.167.73/upic/2023/01/12/11/BMjAyMzAxMTIxMTUyMDRfMzA2MDkwNzI0MV85MzM2NzAxOTM3M18yXzM=_b_B2b9d507fb3b24b170b557a141a20688c.mp4
得不到的才是最好的.,1,小视频,,http://120.238.155.143/upic/2023/04/20/15/BMjAyMzA0MjAxNTQ3MjNfMzQyNjA4NDQ3XzEwMTA1OTA4NDcyM18xXzM=_b_Beb83a9c7c58f4d89a9b847d531953daa.mp4
...,1,小视频,,http://120.238.155.138/upic/2023/02/05/16/BMjAyMzAyMDUxNjQzNDJfOTUwNjg3MDdfOTU1MjAwOTk3NzZfMV8z_b_Bf5403c7d423adeda8d57d16eadbe6fc2.mp4
这工厂我太满意了，管理很好说话，包吃住能拿五六千不少了，而且还是坐班的。说不辛苦是假的，没文化就要学会吃苦耐劳啊 #电子厂上班 #惠州工厂 #电子厂打工,1,小视频,"惠州工厂,电子厂上班,电子厂打工",http://120.234.167.72/upic/2023/04/19/19/BMjAyMzA0MTkxOTU0MTVfMzMyNDEzNDQ5N18xMDEwMDYyMjY2NjFfMV8z_b_B0aba032f9f1c6e54bfddbcca96ef626f.mp4
#百褶裙摇 #小蛮腰扭起来 #花式过五一,1,小视频,"小蛮腰扭起来,百褶裙摇,花式过五一",http://120.238.155.163/upic/2023/04/29/17/BMjAyMzA0MjkxNzUxNDBfMTk2MTc3NzQzMV8xMDE3NjYwODA3NzBfMl8z_b_B09286b7cd42242d602b2da351c7ff876.mp4
小小体育生不过如此 #体育生,1,小视频,体育生,http://183.237.198.204/upic/2023/03/31/16/BMjAyMzAzMzExNjUxMTFfMTE1MjU3MDE1NF85OTQyMzUzMjI1MF8xXzM=_b_B16d77a55c5345655eee743f50499478b.mp4
"劝自己不在意的时候 心都要碎咯.
 #珍小云",1,小视频,珍小云,http://120.238.155.158/upic/2023/03/25/18/BMjAyMzAzMjUxODMwMDJfMTQxMDc3MTA2OF85ODk4NjU4MjM4OF8xXzM=_b_B0a2f910f81a31928680babedf5f87ea2.mp4
任老师，婉书想和你有个未来，你怎么提前……… #我比你危险 @池唐里的游余（zha）(O3057057702) @任老师(O2879426147) @任..(O2610750746) @念念不忘，唯有失望(O2903766787) @Aaaaa素质批发珐姐(O2263314774) @曲老驹(O1441881130) @穿书了的沈一澜(O2595981107) @彼时他们正年少(O1928790996) @糖醋小排顾(O3242679557) @生欢¹(O2208237549) @一蓑烟雨任平生(O2679556122) @任平生(O2916696285) @任平生🥵(O2926631418) @任平生(O1852731872) @一只末影人君(O595390770),1,小视频,我比你危险,http://183.237.198.206/upic/2023/04/29/07/BMjAyMzA0MjkwNzI5NTJfNjQ0MDk5MDMwXzEwMTcxMjA1ODIzOF8yXzM=_b_B602cdbb8331d4b6b4729cde9ed8a7262.mp4
一部被人们遗忘的手机，一小时就卖出去27w台 #数码科技 #手机,1,小视频,"手机,数码科技",http://120.238.155.136/upic/2023/01/07/15/BMjAyMzAxMDcxNTQxMTFfMTIyNTIzMTM5Nl85Mjk3MjE4ODQzOV8wXzM=_b_B368a0680d9bcd8b169b7abc65507078a.mp4
#日常生活记录 在广东生活每天在节约吃，也要二¥30.块一天的，这个月还没过，老公就借支来给我们做生活费了，现在买菜的前💰都是老公从厂里借支来生活的，25号刚借一千来给我们开支现在差不多要完了,1,小视频,日常生活记录,http://183.240.22.79/upic/2023/03/30/13/BMjAyMzAzMzAxMzQ2MzdfNDA2MTg2NjA3Xzk5MzQ0MDA4ODUyXzFfMw==_b_B0bd9147803178a69c941bab2331ff801.mp4
好像变了又什么没有变 @越心人(O1035080638) #女明星和她的素人闺蜜,1,小视频,女明星和她的素人闺蜜,http://183.237.198.199/upic/2023/04/30/21/BMjAyMzA0MzAyMTU5MjRfMTQwOTQ4NDA2OV8xMDE5MDQwNDY3OTRfMV8z_b_B8f133fcc5a6f2e83dee4ddb2ec30d7b9.mp4
感谢观看畅所欲言～留m！AP！! #学生党必备 #我为消费者发声 @热点(O40300129),1,小视频,"学生党必备,我为消费者发声",http://120.238.155.155/upic/2023/04/29/19/BMjAyMzA0MjkxOTE0MjlfMTQyMzUzMzQyMV8xMDE3NzQ3OTIwNDdfMl8z_b_B0a1b74365bccffe8d13cbfc3ab79dc4d.mp4
早就设计好了 #财富密码 #经济,1,小视频,"经济,财富密码",http://120.234.167.72/upic/2023/04/29/18/BMjAyMzA0MjkxODE4NTlfMjQ2ODA0Mzg0M18xMDE3NjkwMjgxNzlfMV8z_b_B60d065fd9c3fcd8a49f02a6b896aeece.mp4
吃不完，四川的水果根本吃不完。 #我的乡村生活 #幸福乡村带头人  #幸福乡村春耕季 ,1,小视频,"快手幸福乡村带头人,我的乡村生活 #幸福乡村带头人  #幸福乡村春耕季 ",http://120.240.96.214/upic/2023/04/22/09/BMjAyMzA0MjIwOTU0MjJfMTUwMTU0NTI4OV8xMDExOTc2NzIxMjRfMF8z_b_B9a2cc63fe6d6489ece55c85aa57d04ec.mp4
甜辣甜辣～ #处女座,1,小视频,处女座,http://120.240.96.212/upic/2023/04/25/16/BMjAyMzA0MjUxNjUyNDJfMTQ5NjYzNDM3MF8xMDE0NTMxNzEzODdfMV8z_b_Bfa831831c7be16967e9a1d430f475a1e.mp4
姐妹们 我来了😭 #每天更新各种潮服 #微胖  @平台帐号(O90041) @涨粉助手(O1815060199) @热点(O40300129),1,小视频,"微胖,每天更新各种潮服,热门",http://jsmov3.a.yximgs.com/upic/2023/04/07/07/BMjAyMzA0MDcwNzU2MTRfNTk0Nzc1MzUyXzk5OTk0MDQ5MTY3XzFfMw==_b_B0239f871fd3f7abf407f8af5608d0420.mp4
他又饿了……,1,小视频,"{""bucket"":1}",http://120.238.155.141/upic/2023/04/25/19/BMjAyMzA0MjUxOTE5NTBfMTY4NTc3ODc4XzEwMTQ2MzE4NTI1NF8xXzM=_b_Bdcb3bd1fc9219df9068ee1cc0be6b39d.mp4
#搞笑 #专治不开心 #笑到肚子疼 @热点(O40300129) @粉条(O40300047),1,小视频,"专治不开心,搞笑,笑到肚子疼",http://120.234.167.72/upic/2023/04/19/06/BMjAyMzA0MTkwNjIxMzZfNzk4MDc3NjM0XzEwMDk2MTgyNTI2MF8yXzM=_b_B9f84cc399598a99e1bce2332ab771ae5.mp4
iQOO11搭载新骁龙8Gen2处理器以及144hz刷新率三星E6屏幕，分辨率为3200x1440的2k幕，144hzltpo自适应刷新率，和平精英已适配90帧，#iqoo11,1,小视频,iqoo11,http://120.233.198.14/upic/2023/02/16/20/BMjAyMzAyMTYyMDA5MzJfMjIwNDI0NjA0Nl85NjMzNzI0MDAxNl8yXzM=_b_B4a849d289e07d14b127bfec3091a5a80.mp4
#玩具枪 #户外 #新知创作人  时代经典怀旧老物件训练木头枪,1,小视频,"户外,新知创作人,玩具枪",http://183.237.198.198/upic/2023/04/27/22/BMjAyMzA0MjcyMjIxNTJfMjQzNTIwMzcyNF8xMDE2MTQ1NDU4NTRfMV8z_b_Be92ee1b47a19e3d387bc84f8480fec29.mp4
重生爽剧《黄金年代》,1,小视频,,http://120.240.96.201/upic/2023/04/20/11/BMjAyMzA0MjAxMTEyMjhfMjcwMjM5ODU0MV8xMDEwNDQxMDE0MDRfMl8z_b_Bccbebe09ffa7880b4df9f7e70008acab.mp4
性情了,1,小视频,,http://jsmov5.a.yximgs.com/upic/2023/04/29/22/BMjAyMzA0MjkyMjE5MTZfNTY3NDQ3MTQ3XzEwMTc5ODM2MTc0NF8xXzM=_b_Bfeedbae15941b5845860c21dc1818f02.mp4
第一次生孩子是种怎样体验！穿个302个日夜，7层皮肉，我的宝贝 很开心见到你！ #产房故事 #新生儿 #记录生产生活,1,小视频,"产房故事,新生儿,记录生产生活",http://183.237.198.206/upic/2023/03/02/16/BMjAyMzAzMDIxNjU5MjFfMjAwNzgzNDAwNF85NzMzMTM0OTM1M18xXzM=_b_Bc49ae647db020eac2345f65b3b048bd2.mp4
这世界破破烂烂， 但总有人在缝缝补补。@浩东大大•(O54110780) @就是伯馨(O43282039),1,小视频,,http://183.240.22.74/upic/2023/04/28/14/BMjAyMzA0MjgxNDMxMzFfNDQ0ODAxMjcwXzEwMTY1MTAxMjMxOV8xXzM=_b_B3d38758ad7e6813607c44845bf0dd3f6.mp4
零碎的岛屿终会找到海,1,小视频,,http://183.240.22.101/upic/2023/04/20/19/BMjAyMzA0MjAxOTE3MTJfMzAyODUxNDY4Ml8xMDEwNzMxMDQ2MzlfMV8z_b_B4d641fab2849141a3703910fbc1780ed.mp4
与邓丽君齐名的甄妮，为亡夫守寡多年终生未嫁，她的一生有多传奇#都是娱乐家 #甄妮 #邓丽君 ,1,小视频,"都是娱乐家,都是娱乐家 #甄妮 #邓丽君 ",http://183.240.22.89/upic/2023/04/26/16/BMjAyMzA0MjYxNjM0MTFfMzQzNDU3NjI3M18xMDE1MTc1MTM2MjJfMF8z_b_B1ecf57a42bdfb5f19d9e2519b10bde3f.mp4
玩的就是反差！！ #这谁顶得住啊 #劲爆热舞 #完美身材,1,小视频,"劲爆热舞,完美身材,这谁顶得住啊",http://txmov2.a.kwimgs.com/upic/2023/04/30/12/BMjAyMzA0MzAxMjExMzNfMTc2MjEwMTk0MV8xMDE4Mzk4MjAyMTFfMl8z_b_B49c9efa6211796423dd27fdaf444f11b.mp4
得知被弟弟骗了，本来想佯装生气等弟弟哄，怎知弟弟竟当真了识趣的离开，好在后面还会再见的！,1,小视频,,http://183.240.22.79/upic/2023/04/26/22/BMjAyMzA0MjYyMjE1NDFfMTg4OTczOTg4MV8xMDE1NDU3MDMyMjhfMl8z_b_Bedc5320c718036aa8b63ffc3cfed060d.mp4
pdd裙子来啦 #多多宝藏店,1,小视频,多多宝藏店,http://120.238.155.147/upic/2023/02/17/22/BMjAyMzAyMTcyMjE3MTdfMzE1OTkxOTI1Nl85NjQzNTY5MDc0OV8xXzM=_b_B98dd8be66d44149200added1c53add3a.mp4
我老妹的声音可以很御姐，很萝莉，当然也可以很张飞 #文静小女生 #腼腆害羞内向社恐文静小女生 @哼个芮Hungry(O1750940979),1,小视频,"文静小女生,腼腆害羞内向社恐文静小女生",http://183.240.22.79/upic/2023/04/26/18/BMjAyMzA0MjYxODMyNDBfMzA3MTA5MDQ1OF8xMDE1MjYzMTgzMDJfMl8z_b_B990dfc238ec7f722a81c1792d930b39a.mp4
来来来都说说你们今天去哪玩了😎😎😎 #美食 #关东煮 #五一快乐,1,小视频,"五一快乐,关东煮,美食",http://120.240.96.227/upic/2023/04/29/18/BMjAyMzA0MjkxODIyNTJfMjU3NjE2NjQ0MF8xMDE3Njg2NTA5ODZfMV8z_b_Bbaec516672b814cac1cea924e91b785e.mp4
#asmr #asmr助眠视频 #外网助眠 她原视频玩这个玩了一个小时 🤣,1,小视频,"asmr,asmr助眠视频,外网助眠",http://120.238.155.157/upic/2023/04/28/20/BMjAyMzA0MjgyMDM0NTdfMjA2NDY2MzAzXzEwMTY4MDc4NDkwM18xXzM=_b_B8a197e5ec8487a3499e03f124c4ea940.mp4
很多网友觉得马嘉祺丑，他真的丑吗？为什么这么多人在质疑他？ #马嘉祺 #时代少年团 #马嘉祺𝓝𝓲𝓰𝓱𝓽,1,小视频,"时代少年团,马嘉祺,马嘉祺𝓝𝓲𝓰𝓱𝓽",http://120.238.155.154/upic/2023/04/02/11/BMjAyMzA0MDIxMTQ0MDdfMzMyOTk5MzYyMV85OTU5NDM5MjQ0N18xXzM=_b_Beb20243a398b0fdd1f8098c4f703bc4a.mp4
#大长腿小姐姐 #好看的小姐姐,1,小视频,"大长腿小姐姐,好看的小姐姐",http://183.240.22.72/upic/2023/04/28/09/BMjAyMzA0MjgwOTM0NTRfMjU4OTI1NjgxM18xMDE2MzQ0MTE4ODlfMV8z_b_B9d597697eb5bcf637be55d247cc7735a.mp4
#汉服变装 #扭头变装 #我是小可爱,1,小视频,"我是小可爱,扭头变装,汉服变装",http://120.233.198.11/upic/2023/04/29/17/BMjAyMzA0MjkxNzQ3NTVfMTI5MDA5MjM5Nl8xMDE3NjU2NDAxOTJfMV8z_b_B3cd6b1b6e863039be6856f5442a725a2.mp4
大方性感美女 #正常穿搭无不良价值观 #火辣性感丰满好身材 #微胖的身材才是永恒的经典,1,小视频,"微胖的身材才是永恒的经典,正常穿搭无不良价值观,火辣性感丰满好身材",http://183.240.22.87/upic/2023/03/30/20/BMjAyMzAzMzAyMDM5MDBfODQ0OTA3MTM3Xzk5MzcxMjA3MTM1XzJfMw==_b_Bbd20ae72dec898c0447f54e9c33c109e.mp4
#凉粉土豆 东莞塘厦清湖头,1,小视频,凉粉土豆,http://msmov.a.yximgs.com/upic/2023/04/29/16/BMjAyMzA0MjkxNjUxMjRfMTY4MTQwNzk4M18xMDE3NTk4NzgwMjdfMl8z_b_Bd6a45f5a03c43e309371aad23e419bb6.mp4
昨晚我梦到和她复合了 高兴到流泪 突然惊醒 我擦了擦眼角的泪 看了眼手机三点五十六分 #春泥 #春日漫歌 @粉条(O40300047) @评论(O40300178) @热点(O40300129),1,小视频,"春日漫歌,春泥",http://120.238.155.136/upic/2023/03/10/22/BMjAyMzAzMTAyMjMzMzRfMjM2MzUxMjA2M185NzkyODA4MzM2N18yXzM=_b_B61bc0eaf13ba175db3d31694d88d6e4d.mp4
祝大家都能活成自己喜欢的样子 #撩妹套路 #恋爱技巧 #感情,1,小视频,"恋爱技巧,感情,撩妹套路",http://120.240.96.201/upic/2023/04/28/23/BMjAyMzA0MjgyMzU1NTNfMzE3NDc2NjA2M18xMDE3MDE0MDE4MzJfMV8z_b_B588aff3a6442fbca055e58788760143f.mp4
十首百听不厌的粤语歌曲，哪首才是你心中的第一名 #粤语歌 #音乐,1,小视频,"粤语歌,音乐",http://120.238.155.149/upic/2023/04/20/18/BMjAyMzA0MjAxODU4MzRfMTM2NzQ0MjAyMl8xMDEwNzExODAwMjRfMl8z_b_B7fa09d0c353168a300cdef7c3bf60675.mp4
“一定要拥有吗？也许失去更轻松呢”,1,小视频,,http://183.237.198.203/upic/2022/12/21/20/BMjAyMjEyMjEyMDI2MDVfMTMxNDMxOTI5MV85MTY2MzE0NzAyN18xXzM=_b_B0f519370009c836ef5ecf4fe9a3dc9bd.mp4
就算小新生病发烧，还是那个调皮捣蛋的马铃薯#蜡笔小新  #动漫 ,1,小视频,蜡笔小新  #动漫 ,http://183.237.198.198/upic/2023/03/05/16/BMjAyMzAzMDUxNjIxMjVfNjE3MjAyNzIxXzk3NTY2MTQyNzk5XzBfMw==_b_B9f5d27f49909d0f318eac88d46915271.mp4
#音乐人  @音乐人(O1815060323),1,小视频,"快手音乐人,音乐人",http://120.240.96.204/upic/2023/04/26/01/BMjAyMzA0MjYwMTEwMjhfMjkzMzAyMjc4NV8xMDE0ODU4NTc2NDlfMV8z_b_Bfcf745bca9c18c91953f26e43ec582c3.mp4
期待那个属于你我的相遇 #王俊凯 #王俊凯and慕凯熙 #慕凯熙and池慕凯 @池慕凯⁰⁹²¹(O2111400404) @ID祁凯淇⛄️(O2431235866) @热点(O40300129),1,小视频,"慕凯熙and池慕凯,王俊凯,王俊凯and慕凯熙",http://120.238.155.148/upic/2023/04/29/17/BMjAyMzA0MjkxNzI1MjBfODE2MDQzNDY4XzEwMTc2Mjk5MDU5M18yXzM=_b_B2bdeaa6ee714e3635a84a7f82bb64313.mp4
让我爱上的第一支舞蹈！时隔多年再跳还是一样的喜欢！谁懂！ #blackpink粉墨 #韩国女团 #kpop,1,小视频,"blackpink粉墨,kpop,韩国女团",http://183.240.22.89/upic/2023/04/26/23/BMjAyMzA0MjYyMzA1NDlfMTA5MzIxNzA3MV8xMDE1NDg5MTM4NjNfMV8z_b_Bc0e5042db0a2ddd1075cec4fe41a336c.mp4
#花式过五一,1,小视频,"{""bucket"":1},花式过五一",http://183.240.22.104/upic/2023/04/28/21/BMjAyMzA0MjgyMTAwMTBfMjEyNTg1NDc0OV8xMDE2ODUzMDQ4MTlfMl8z_b_B121c3ea144374b8a9f1d65762a735d50.mp4
不吃都不行#九悦澜 #打卡 #减肥,1,小视频,"九悦澜,减肥,打卡",http://120.240.96.201/upic/2023/04/22/07/BMjAyMzA0MjIwNzE1MDFfNDE0OTg2MDE2XzEwMTE4NzgwMDc1M18xXzM=_b_B2813ed96ee023f37df8d5cf213c97b93.mp4
#大学生特种兵式旅行 #五一出游 和舍友们一起出去真的超级开心🥳我太爱我的舍友们了，有她们在真的好安心❤️,1,小视频,"五一出游,北海,大学生特种兵式旅行",http://120.233.198.10/upic/2023/04/30/18/BMjAyMzA0MzAxODAyNDBfNzAxOTk2NDYxXzEwMTg3MjczOTgyMF8xXzM=_b_B522a042a7c9a01ab8f28fe631772910d.mp4
寄树主播鲨鱼也饿能翻车？ @鲨鱼哟syy(O1433833401)   #寄树 ,1,小视频,寄树 ,http://120.238.155.138/upic/2023/04/29/17/BMjAyMzA0MjkxNzEwMThfMjg5NDE4NzM1Nl8xMDE3NjE0ODEzMTJfMF8z_b_B9df4f1a2592779a80824e368d8d99571.mp4
我从小就被姐姐捧在手心里，可长大后我却爱上了她的男友 #二次元  #米雪动漫日记  #弹幕 ,1,小视频,"二次元,二次元  #米雪动漫日记  #弹幕 ",http://183.237.198.200/upic/2023/03/14/23/BMjAyMzAzMTQyMzExNDVfMjM5MTQyMjMxMF85ODIyMjM2MjkwMV8wXzM=_b_Baed85603f0d17b658e1577615beb572f.mp4
波哥能z首吗，还能回得去吗？ #缅甸 #全民反诈 #正能量,1,小视频,"全民反诈,正能量,缅甸",http://183.237.198.205/upic/2023/04/29/06/BMjAyMzA0MjkwNjI3MTBfMTEyNTg2MTAxXzEwMTcwOTU0OTI1N18xXzM=_b_Ba82a3d71837f14fe116239f3b0bbf498.mp4
不如 @你好哇塞 。(O3313605234),1,小视频,,http://183.237.198.198/upic/2023/04/18/09/BMjAyMzA0MTgwOTQ3NThfNTgzNzAwNzAyXzEwMDkwMDY1NzUyN18xXzM=_b_B3d7789920e18d96b4d55ff23e3f71758.mp4
...,1,小视频,,http://183.237.198.203/upic/2023/02/10/12/BMjAyMzAyMTAxMjM2MjBfMjg4ODM5NjMyMl85NTg3NzM2MDQxN18xXzM=_b_B415a47883c99101eb44b0eea53d29cbe.mp4
看什么文案看我啊 #包臀裙 #好身材秀出来,1,小视频,"包臀裙,好身材秀出来",http://120.234.167.73/upic/2022/12/16/18/BMjAyMjEyMTYxODM0MjdfOTUxODQ4Nzk3XzkxMjU5NTIwNzU1XzFfMw==_b_B4e91b1cf373ecbc1bef612307232633e.mp4
我更喜欢陪我用幼稚的情头，改关于我的名字，朋友圈是我，不用提醒的宣示主权，不会在意我是不是有头脑的天才游戏少女，也不介意我神经大条，总是叽叭喳喳，会包容我脆弱到随时随地流眼泪，永远站在我身后替我撑腰，可以接受我所有的小脾气，又可以温温柔柔的教我好多或许我不太懂的人生哲理,1,小视频,,http://183.240.22.122/upic/2023/04/26/13/BMjAyMzA0MjYxMzA0MjdfMjQyNzQyMjk4N18xMDE1MDgyMDU3OTJfMV8z_b_B81f937ff6822e3830a23af47512edd00.mp4
从李沧来的一个帅哥，来体验沉浸式修面。舒服的不得了。一隅温暖享舒适 品味经典满堂屋。#同城好店推荐 #沉浸式体验 #男士修面 ,1,小视频,同城好店推荐 #沉浸式体验 #男士修面 ,http://120.238.155.141/upic/2022/12/01/10/BMjAyMjEyMDExMDUzMTdfMTk2NjQzNzIzM185MDA0MjY5MTUxMV8wXzM=_b_B69223963e27ca1dccafc2c3e69ea1ad8.mp4
济公戏耍石虎父子 ，使得石虎白唉一顿揍。#怀旧经典电视剧 #济公 #光合计划,1,小视频,"光合计划,怀旧经典电视剧,济公",http://120.238.155.158/upic/2023/04/28/01/BMjAyMzA0MjgwMTMzNTRfMjM0MjcwNTc0MF8xMDE2MjI2NzUzNzFfMl8z_b_Bee7675d13835d10a7945c46e26bb802d.mp4
老车,1,小视频,,http://183.240.22.75/upic/2023/04/25/12/BMjAyMzA0MjUxMjA1NDJfMTE3NTM1MzY1MV8xMDE0MzgwMDIwMzlfMV8z_b_Bde3bd32e77e91da34bcdc3bbee1da618.mp4
农村路边不起眼的“化癌菜”，很多外地人不了解它，一起来认识下 #记录我的农村日常生活 #记录三农,1,小视频,"记录三农,记录我的农村日常生活",http://120.238.155.157/upic/2023/04/28/21/BMjAyMzA0MjgyMTMxMDVfMTc0NTE3NTA1NV8xMDE2ODg4ODIyNTJfMV8z_b_Bb0921bc09c546d1e52997feeefd5dfd6.mp4
#紧身衣 #皮衣美女 #欧美美女,1,小视频,"欧美美女,皮衣美女,紧身衣",http://120.238.155.147/upic/2023/04/19/23/BMjAyMzA0MTkyMzU4NTJfMzE5MTkzMTA4M18xMDEwMjUyODExNzZfMV8z_b_Bae82883c48ec8b353555fb1361269ade.mp4
#垫肩唱雪挑战 #capper #气质这一块 最近capper的新歌《雪》被网友们玩出了天际，甚至动漫人物都拉过来了.,1,小视频,"capper,垫肩唱雪挑战,气质这一块",http://120.238.155.141/upic/2023/04/26/11/BMjAyMzA0MjYxMTQ4MTdfMzQyMzY4Nzk2OV8xMDE1MDM5ODQyMzhfMV8z_b_Ba1341dc319cc41fc8d920c289105e942.mp4
人在事与愿违的时候喜欢说顺其自然 #巨蟹,1,小视频,巨蟹,http://120.238.155.155/upic/2022/11/08/14/BMjAyMjExMDgxNDA3NDVfMjc1OTQzODczMF84ODI0MTA4OTEzOV8xXzM=_b_B249381586b0a15acbb28c3c3c37aeb90.mp4
...,1,小视频,"{""bucket"":1}",http://120.234.167.73/upic/2023/04/28/15/BMjAyMzA0MjgxNTA5MjdfMTIyNTM4NjcyXzEwMTY1MzQyNzI2M18yXzM=_b_Bc4efe10eec766829178bd62b5d0440db.mp4
...,1,小视频,,http://120.238.155.155/upic/2023/04/06/10/BMjAyMzA0MDYxMDE3MjRfMzcxNzgzMDUwXzk5OTI5MDkxMjQ2XzFfMw==_b_B0831ae78ad2266228ab3743e7cfab886.mp4
自制便利店玩具书，不仅封面可以捏捏，里面的小食玩也能捏捏哦～泰迪的便利店也太好玩了，楼上楼下的门都能打开哦！ #手工 #自制玩具 #积木,1,小视频,"手工,积木,自制玩具",http://183.237.198.199/upic/2023/04/25/17/BMjAyMzA0MjUxNzIyMDJfMjg0NTgwNzk3M18xMDE0NTQ4NTA5MzJfMV8z_b_B307a5217f0edd0c9bde4cb12a2ee7f85.mp4
"别问哥几岁 得不到你 哥的心稀碎  
 #可爱老婆 #马超",1,小视频,"可爱老婆,马超",http://183.237.198.199/upic/2023/04/11/18/BMjAyMzA0MTExODE3MDBfNDkyNjU5MDg1XzEwMDM2NDg1MTIxNF8xXzM=_b_Bb30b8882062076c49982612c543ecb23.mp4
"今天是195女孩
 #天秤 #模特 #光合计划",1,小视频,"光合计划,天秤,模特",http://120.233.198.11/upic/2023/04/29/15/BMjAyMzA0MjkxNTA4NDBfMjMyNTM2OTY1XzEwMTc1MDAzNzMyNV8xXzM=_b_Bdf05b7f6291eae0fab8763da0e873eba.mp4
...,1,小视频,,http://120.240.96.215/upic/2023/04/29/21/BMjAyMzA0MjkyMTAzMjFfMjYwODU1NTM5OV8xMDE3ODg4NzA4MjZfMl8z_b_Ba24e13ca05563ceacd9a6df0c4b38a15.mp4
#这大概就是青春的样子 #氛围感拉满挑战,1,小视频,"{""bucket"":1},氛围感拉满挑战,这大概就是青春的样子",http://183.240.22.72/upic/2023/04/28/13/BMjAyMzA0MjgxMzUyMTlfMzI2MjQ1NjI0NV8xMDE2NDkyMDUyMzNfMl8z_b_B1e3edd05e81f979955d7e2572a320d0b.mp4
@热点(O40300129),1,小视频,,http://183.237.198.206/upic/2023/04/14/09/BMjAyMzA0MTQwOTIxMTVfMjU2NDI0Nzk0NF8xMDA1NDUzNTYzMjdfMl8z_b_B15e837bf6ec626f3ade6ddf5fef19d58.mp4
"『· 𝑲𝒊𝒎 𝒋𝒊𝒘𝒐𝒏 ·』
-
< 230414音银Kitsch >
< 哎一古 吐舌小猫好乖 >
-
音色妖精_🎵｜#LIZ｜#IVE ｜
加入我们_🎪｜#Kpop嘉年华 ｜
-
𝑰𝑽𝑬 / ☁️
传送门👉🏻 @WonYoung嘉年华",1,小视频,"Kpop嘉年华,LIZ｜#IVE",http://120.240.96.201/upic/2023/04/14/22/BMjAyMzA0MTQyMjU3MTBfMjExMDgxMjc4MV8xMDA2MDc2MDAyNzJfMV8z_b_Bf9393ea7f09a19499ed5346c3382559b.mp4
《弟弟学坏了》 #关注我每天更新不一样的故事 #这谁顶得住啊 #内容过于真实,1,小视频,"关注我每天更新不一样的故事,内容过于真实,这谁顶得住啊",http://183.240.22.87/upic/2023/04/08/20/BMjAyMzA0MDgyMDExMDZfMzQwMDQ1OTY4OV8xMDAxMzU3MTM0MTRfMl8z_b_Bf7239c6213d6f568e1ab91c4e73ee38c.mp4
待产包收好啦！准备随时发动去生娃！期待一家三口的生活。 #情侣日常 #恋爱,1,小视频,"恋爱,情侣日常",http://120.238.155.159/upic/2023/04/27/09/BMjAyMzA0MjcwOTAxNTlfMjcwMzM4NzYzMF8xMDE1NjM1OTk3OThfMV8z_b_Bc1ae9e034dfbd9514412e67f5287c704.mp4
这场舞台我心中昨晚的MVP！！ #zol被限流的大冤种 #netjames,1,小视频,"netjames,zol被限流的大冤种",http://120.233.198.11/upic/2023/04/23/21/BMjAyMzA0MjMyMTIzNDlfMjY5MDY3ODkxNl8xMDEzNDA4MzQxNzBfMV8z_b_B6be414710ac60ed06f03e43a92cf1502.mp4
周末了一起玩#反差,1,小视频,"{""bucket"":1},反差",http://183.240.22.79/upic/2023/04/28/21/BMjAyMzA0MjgyMTMwNDJfMzAwNDAxODM4NV8xMDE2ODkwMTgxNTNfMl8z_b_B38a73f8dd51cf850a0f1966ffc07f3a4.mp4
大美妞，喜欢吗？发个弹说说呗 😄 #五一出游穿搭 #宠己变美季 #发个弹幕吧 @快影(O414219728) @粉条(O40300047) @弹幕(O1815060248) @时尚(O40300089),1,小视频,"五一出游穿搭,发个弹幕吧,宠己变美季",http://183.240.22.101/upic/2023/04/28/01/BMjAyMzA0MjgwMTM1MTZfMTU5NzQxMjkzNV8xMDE2MjI3MTI4OTNfMl8z_b_B44fa7e310ef9cf6385a12d7d239cd30b.mp4
#丝袜穿出美感  #丝袜yyds  #七十二变怎么样的变,1,小视频,"七十二变怎么样的变,丝袜yyds,丝袜穿出美感",http://120.234.167.72/upic/2023/04/17/09/BMjAyMzA0MTcwOTMyNDNfMTY4NzE1NTI0NF8xMDA4Mjk1MTkzNzlfMl8z_b_B3107b38e5d7e3cceb72a39dcb7dc126c.mp4
零基础学员每天真人实操 剪烫染 两个月能开店 #美发培训 #零基础学员每天真人实操 #剪发,1,小视频,"剪发,美发培训,零基础学员每天真人实操",http://183.240.22.78/upic/2023/04/22/08/BMjAyMzA0MjIwODM2NDhfMjQ4MzAzMTQzXzEwMTE5MjIxODkwOF8xXzM=_b_Bfd3f41ccacf6ea1f53c400c1f62db626.mp4
OPPO手机始祖，给大家笑一个！OPPO的第一部手机！ #手机   #数码    #OPPO  ,1,小视频,"OPPO  ,手机 ,数码 ",http://jsmov5.a.yximgs.com/upic/2022/11/06/11/BMjAyMjExMDYxMTQ0MDNfNzgwODE5OTIzXzg4MDg1OTIzNDY2XzBfMw==_b_Bf255ec30eaca86439d79251b5a92ef50.mp4
女生有这3种表现，就别追了 #追女生  #恋爱干货  #男生必看 ,1,小视频,追女生  #恋爱干货  #男生必看 ,http://120.233.198.14/upic/2023/04/27/11/BMjAyMzA0MjcxMTA1MzBfMzM4MDQxMDUxNV8xMDE1Njk2MzMzMDNfMF8z_b_B228c833f7ca515e32c8460336261e270.mp4
大型社死现场：捞女出包包？结果太尴尬了…… #社死  #捞女  #包包 ,1,小视频,社死  #捞女  #包包 ,http://txmov2.a.yximgs.com/upic/2023/03/20/16/BMjAyMzAzMjAxNjUxNDVfMzM4MTc5NjYxNF85ODYyNDk2NjI5Ml8wXzM=_b_B233b00ae1c6be4fd617bbb3a2d1b09a9.mp4
至尊神龙 #短剧推荐 #短剧,1,小视频,"短剧,短剧推荐",http://183.240.22.122/upic/2023/04/19/19/BMjAyMzA0MTkxOTUwMjdfMzQxNTMxMTM1MV8xMDEwMDYxMTMxMjZfMl8z_b_Bb0c269aeeb7cfa543a1bf39f996770ae.mp4
……. #刘婷婷,1,小视频,刘婷婷,http://183.237.198.204/upic/2023/04/30/22/BMjAyMzA0MzAyMjAyMjdfNjgyNzA5Mjg4XzEwMTkwNDQ0Nzg5OV8xXzM=_b_Baf68db1f845a4ded1b420cf9e50af687.mp4
#集结吧光合计划创作者,1,小视频,集结吧光合计划创作者,http://183.237.198.199/upic/2023/04/30/11/BMjAyMzA0MzAxMTUxMDhfMjAwOTAxNDYyMV8xMDE4Mzc2NDU1NTNfMl8z_b_Bf30c11ef691dd16f42ced50f8a37bd4b.mp4
这就是舔狗的下场！🤔🤔🤔#校园奇葩现象,1,小视频,校园奇葩现象,http://183.237.198.203/upic/2023/04/22/11/BMjAyMzA0MjIxMTE4MTZfMTQ3NTkxOTE3XzEwMTIwNTA1NDAxN18xXzM=_b_B10a08b33ce8b0e758691810f9c6aef2f.mp4
樱木花道，我是不是你最爱的女孩子？,1,小视频,,http://120.234.167.73/upic/2023/04/27/21/BMjAyMzA0MjcyMTE5NTJfOTg1NTQ5NDMwXzEwMTYxMDAyMTEyMl8yXzM=_b_B854987070394e270e1843aef928df386.mp4
关于男朋友休假顺便带走了我腿这件事,1,小视频,,http://120.240.96.157/upic/2023/04/25/10/BMjAyMzA0MjUxMDI1MDBfMTA1NDk5NjZfMTAxNDMyOTc0ODI5XzFfMw==_b_Beedf8985400399f6f1797069eb137455.mp4
📖铭《试衣间的刺激事》 #文荒推荐 #白天刷不到晚上躲不掉 #宝藏小说,1,小视频,"宝藏小说,文荒推荐,白天刷不到晚上躲不掉",http://120.233.198.11/upic/2023/04/19/21/BMjAyMzA0MTkyMTQ3MDRfMzQ0MjE2NjA1Nl8xMDEwMTY5Mzg3NzBfMV8z_b_Bf1c6adf701902d353c36fb7cd9c98d9a.mp4
"最近
 #广东麻将 #小麻将解心宽",1,小视频,"小麻将解心宽,广东麻将",http://120.233.198.14/upic/2023/03/31/04/BMjAyMzAzMzEwNDQ2MTRfMjUzNDIwMzAyNF85OTM4OTQ0MDU1Nl8xXzM=_b_B0add7e6d88aa319f075396546364ad60.mp4
"#打篮球的女生 #震荡运球 #dxxl熊斯篮球
久违的震荡运球小技巧 练起来叭！",1,小视频,"打篮球的女生,震荡运球",http://120.233.198.14/upic/2022/11/21/18/BMjAyMjExMjExODQ3MDZfNDI4MzI0NTE4Xzg5MjUyNTM5NTkxXzFfMw==_b_Be1fd22174f5ed2d5aae1702ffb95aa6d.mp4
看到阿紫过得这么苦，心里面真不是个滋味，自己能帮助到她的却是微乎其微，这样的姑娘真的太让人心疼了 @.阿紫姑娘(O1557641863) #新农人计划2023 #记录真实生活 #农村生活,1,小视频,"农村生活,新农人计划2023,记录真实生活",http://120.238.155.147/upic/2023/04/25/20/BMjAyMzA0MjUyMDI2MzBfMTU4MjQ2NzQ0MV8xMDE0Njg1OTIxMjFfMl8z_b_Be2e48253ce7084d9d40da1651804f5e7.mp4
女性45岁以后，这5种食物建议多吃  #中医妇科  #妇科保健  #更年期综合征 ,1,小视频,中医妇科  #妇科保健  #更年期综合征 ,http://120.238.155.159/upic/2023/04/28/09/BMjAyMzA0MjgwOTI1NTRfMTY4MzQ1NjAwOF8xMDE2MzM3NzgxMTRfMF8z_b_Ba3875d3c9f24d9485c29b9884025bab4.mp4
e他一句你只管生，我便不顾一切的生下来，到头来，怀孕是我，生娃是我，带娃是我，喂奶是我，孩子也成了我一个人的了，不过还好，我没有让自己身材走样不堪入目 #像姐姐一样的妈妈,1,小视频,像姐姐一样的妈妈,http://txmov2.a.yximgs.com/upic/2022/12/07/18/BMjAyMjEyMDcxODEyNDJfMjQwNDYyMzQ1XzkwNTY0NzQ4Mjc2XzFfMw==_b_Bf176debbeb7eb3f10ed563fa74208132.mp4
顺产和剖腹产的区别就是：剖腹产子宫干净，但恢复慢，而且有条伴随一辈子的刀疤！顺产会胯部变大，盆底肌松弛，但生完恢复快！顺产当天就可以下床活动了，还不伤元气，顺转刨最惨，你们觉得呢？ #产后逆袭 #剖腹产妈妈,1,小视频,"产后逆袭,剖腹产妈妈",http://120.233.198.11/upic/2023/04/23/15/BMjAyMzA0MjMxNTA5MDVfMzQ0NjkwMDY3OV8xMDEzMTE1MzY1MjZfMV8z_b_B06e5bbda36fce6076bce49d93dbd95d1.mp4
库存一下💃💃💃#鞠婧祎,1,小视频,鞠婧祎,http://txmov2.a.kwimgs.com/upic/2023/04/21/17/BMjAyMzA0MjExNzQxMzBfMjkzMDUzMzI1MF8xMDExNDA2NjcyMjdfMl8z_b_B9cced1f50b6f6121ce642fe601d69e1f.mp4
"跟老公大人长期分居，真的快受不了
老公在外上班一年350天分居了，已经持续快十年之久，时间久了，真怕变成
了可有可无的人，已经惯一个人吃饭，
一个人睡觉，一个人逛街，除了领个结婚证，一个月打钱，如果没有其他的关
心问候之外，，还能剩下什么?久而久
之，	心里还有什么期盼的 #只有经历过的人才会懂 #说不出的心酸",1,小视频,"只有经历过的人才会懂,说不出的心酸",http://txmov2.a.yximgs.com/upic/2023/04/18/18/BMjAyMzA0MTgxODQyMTZfNzkxODMxMzE5XzEwMDkzMTE5NDk3Ml8yXzM=_b_B6d735a8fa5d70f4ddca259182d2361e4.mp4
紧紧相依的心如何say goodbye,1,小视频,,http://183.240.22.89/upic/2023/04/21/22/BMjAyMzA0MjEyMjE5MThfMTUzMjMyMDYwN18xMDExNzA4MDU2MjlfMV8z_b_Ba52388b1b91cfa411ba460ba6def5025.mp4
这样的小姐姐喜欢吗？,1,小视频,,http://120.234.167.72/upic/2023/04/28/17/BMjAyMzA0MjgxNzIwMjdfMzk1ODY4NDUyXzEwMTY2MjEyMjE0Ml8xXzM=_b_B77d1c9ec1bf6e022f5df65db6d8bbe47.mp4
近期久别重逢TOP！之前有姐妹说想看 就看了这本还蛮不错的#推文 #私逃 #久别重逢文,1,小视频,"久别重逢文,推文,私逃",http://120.233.198.10/upic/2023/03/18/19/BMjAyMzAzMTgxOTE3MDlfMjM0MDczMDM3OV85ODQ4MDczODMzOV8xXzM=_b_Babda4daa41849db9f09382bb680574a8.mp4
#萨能奶山羊产奶量高 #奶山羊 #精品萨能奶山羊,1,小视频,"奶山羊,精品萨能奶山羊,萨能奶山羊产奶量高",http://183.240.22.81/upic/2023/04/29/18/BMjAyMzA0MjkxODE3NDFfMjMwNTgxMDYyMV8xMDE3Njg0MDc4NTdfMV8z_b_Bbb9af18517c32fc7481198fc4ecb0963.mp4
橙子：别哭了 还哭啥呀😂,1,小视频,,http://120.238.155.138/upic/2023/04/16/17/BMjAyMzA0MTYxNzAxMDVfNzgzMjg1MzVfMTAwNzc3Njk1MjA1XzFfMw==_b_B45f12c09b0b8abeddc0f6a7a2d66bca2.mp4
今天天气还是很冷 #记录舞蹈生活 #扭一扭,1,小视频,"扭一扭,记录舞蹈生活",http://120.234.167.73/upic/2023/04/27/19/BMjAyMzA0MjcxOTA2NDJfMTI0NzU5ODE4N18xMDE1OTc3MjI1MDhfMV8z_b_B762e2c92ddc1e3f756b741f5ed4522ca.mp4
...,1,小视频,,http://120.240.96.213/upic/2023/04/02/17/BMjAyMzA0MDIxNzQ0MjBfMzMwODgzOTg3NV85OTYyNzg2NzI4N18yXzM=_b_Bb4cab86791572f85d78b89c3cacc6a4c.mp4
#龙人神卡 #聋人沟通无障碍 #焱哥,1,小视频,"焱哥,聋人沟通无障碍,龙人神卡",http://183.237.198.205/upic/2023/04/30/16/BMjAyMzA0MzAxNjI5MDJfMTIwMjMzOTU5NF8xMDE4NjI0NjI4NjNfMl8z_b_Bf2d973e724876c05f240fe253a31c563.mp4
#河北彩花 #快影万粉扶持计划 #日本小姐姐,1,小视频,"快影万粉扶持计划,日本小姐姐,河北彩花",http://120.233.198.14/upic/2023/04/08/09/BMjAyMzA0MDgwOTUwMzFfMTg0OTEzNDU2XzEwMDA3OTUzNDU1MV8xXzM=_b_Bdd72eddd2cb3667e50902828b422e1d8.mp4
最后俩口差点噎住,1,小视频,,http://183.237.198.200/upic/2023/04/23/12/BMjAyMzA0MjMxMjM5MThfOTkxMzE1ODE2XzEwMTMwMjE0NDc0NV8yXzM=_b_B0b05d4beb9786099866db1921a3024be.mp4
#搞笑配音  #搞笑视频  #搞笑段子 @热点(O40300129),1,小视频,"搞笑段子,搞笑视频,搞笑配音",http://183.240.22.90/upic/2023/04/27/11/BMjAyMzA0MjcxMTA3MjZfMTE2NjczMzkyNl8xMDE1Njk4MTgxNDBfMl8z_b_B4d0dd0ef75d4bb44c9a0d413cdc10ffa.mp4
拳打小米11，脚踢红米k40的千元机守门员！ #小米 #学生党 #性价比,1,小视频,"学生党,小米,性价比",http://120.238.155.149/upic/2022/12/03/19/BMjAyMjEyMDMxOTMzMjRfODg4NDIyMjAzXzkwMjQ4Mjk0NDI3XzBfMw==_b_B034525dee66c74e523694ad135ce970b.mp4
主打的就是个好次 #奥巧雪糕,1,小视频,奥巧雪糕,http://120.238.155.142/upic/2023/04/29/20/BMjAyMzA0MjkyMDQ4MzZfMTQ1MTY2MjU4N18xMDE3ODY4OTkzMzdfMV8z_b_B7e6da18575c29e0673cbf3633dac8328.mp4
蛙蛙:明目张胆的欺负我儿子，你礼貌吗？ #青蛙 #青蛙人偶 #孤寡青蛙,1,小视频,"孤寡青蛙,青蛙,青蛙人偶",http://120.238.155.156/upic/2023/04/12/19/BMjAyMzA0MTIxOTQ0MDdfNjQyMjY3ODAwXzEwMDQ0MDg4NTY2MV8xXzM=_b_Bfd227146ad3bf91e835797e562a0db2f.mp4
#电影护卫者2上线 #电影护卫者2硬核打戏 豪哥 幕后原来那么温和,1,小视频,"北京大视听五一看不停,电影护卫者2上线,电影护卫者2硬核打戏",http://120.234.167.72/upic/2023/04/25/09/BMjAyMzA0MjUwOTA1MTFfMzQxMTQ1NTMwNV8xMDE0MjkzMjEzNjhfMV8z_b_B41665c14ccb170bf914834e5c7e4e6af.mp4
比基尼泳裝健美 #时尚泳装  #健身健美  #泳装美女,1,小视频,"健身健美,时尚泳装,泳装美女",http://120.238.155.142/upic/2023/04/29/22/BMjAyMzA0MjkyMjMxMDBfMjI2ODAwNjM5MV8xMDE3OTk0ODg3MjZfMl8z_b_Bb1f0a1d8df32adf13c947b5e47f5df5a.mp4
艾特你压力大的兄弟来看 #变装,1,小视频,变装,http://183.237.198.203/upic/2023/04/30/10/BMjAyMzA0MzAxMDA4MzhfMTI3MTQ5ODkzNF8xMDE4MjgzNDg3NTlfMl8z_b_B76c3170f9ac5f8d52e188e30d5154b22.mp4
无所谓 我会用晾衣杆带你杀出重围 #不好看也发 #模糊画质,1,小视频,"不好看也发,模糊画质",http://183.237.198.203/upic/2023/04/22/08/BMjAyMzA0MjIwODMyMjRfOTg5ODIxMTc3XzEwMTE5MTk2MzUwNl8xXzM=_b_Be7c3aecfe832980cc4b455575734047d.mp4
让你突然安静的一句话是什么.,1,小视频,,http://183.240.22.122/upic/2023/04/20/17/BMjAyMzA0MjAxNzUxNTNfMjk1NTY2OTkwMF8xMDEwNjY1MTcyMjBfMV8z_b_B039b7abe08197f95836ce5ff8536c3ef.mp4
转眼间又是一个毕业季！ #怀念逝去的青春,1,小视频,怀念逝去的青春,http://120.240.96.227/upic/2023/04/30/13/BMjAyMzA0MzAxMzM4MzlfMTU5MjI4NzI5MF8xMDE4NDgwNjk0MTdfMl8z_b_Bdc73f0bb36b40987aee901bab35ca079.mp4
这衣服不适合我 拍个视频证明穿过,1,小视频,,http://183.237.198.200/upic/2023/04/29/21/BMjAyMzA0MjkyMTQ4NTFfMjU5MTg5NDYxXzEwMTc5NDY1NTU5NV8xXzM=_b_Bd5d227e40dbc22c36b9cd15c6ce40b28.mp4
还好校园内还有几个可以一起打球的好朋友 @梦琪.-.(O1081728978) @秀才哥哥⛓(O891477457) @“陳”(O1954357176) #校园篮球赛 #大方二中,1,小视频,"大方二中,校园篮球赛",http://183.237.198.199/upic/2023/04/28/00/BMjAyMzA0MjgwMDE3NDZfOTA2MTcwNDkxXzEwMTYyMTA1NDA1MV8xXzM=_b_B35ed9fdbba11be4e958e0cbfdf5751d4.mp4
第5集：趁女朋友出国，偷搞大别人的肚子，婚后又出轨 #韩剧  #韩剧解说   #医生车贞淑 ,1,小视频,"医生车贞淑 ,韩剧  #韩剧解说 ",http://120.238.155.144/upic/2023/04/26/10/BMjAyMzA0MjYxMDEzMjdfMjg0MzY3OTQ3NF8xMDE0OTkwOTgxNTdfMF8z_b_B7637d22c57af8b668c897f2ed8a60c1f.mp4
高铁上按捺不住了，老婆说我卖货魔怔了，我其实只是对颜值高的东西没有抵抗力。,1,小视频,,http://120.234.167.72/upic/2023/04/18/19/BMjAyMzA0MTgxOTE0MDRfMjQ3MDk4OTE0XzEwMDkzMzEyNzE0Ml8xXzM=_b_B66f0fb0841f51812d9ebb72420a0ae64.mp4
女生有这五个微动作就是喜欢你，本能不会骗人，不要错失良机...,1,小视频,,http://txmov2.a.yximgs.com/upic/2023/04/18/20/BMjAyMzA0MTgyMDQ3MDNfMzE4NTc0MjM4Nl8xMDA5NDExODE2NzdfMF8z_b_B6eb98911cd801e64e2280ff2ac6ebe0e.mp4
这什么癖好,1,小视频,,http://120.240.96.212/upic/2023/04/29/22/BMjAyMzA0MjkyMjM4MDVfMzM4MjY5MzkzMl8xMDE3OTk5NjU4MzNfMV8z_b_Bc4e7e05495e04000b39b1088ae59cd3b.mp4
#有颜值有身段 太阳,1,小视频,有颜值有身段,http://120.233.198.11/upic/2023/04/28/20/BMjAyMzA0MjgyMDAwMThfMjU4MzMyMDQ0Ml8xMDE2NzgwMzIyOTVfMV8z_b_B41f65fa62d0744aa7d8b3d7e460c62ff.mp4
有这样的女朋友你几点回家 #再跳一次世界上的另一个我 #扭胯摸肩舞 #剪辑用快影,1,小视频,"再跳一次世界上的另一个我,剪辑用快影,扭胯摸肩舞",http://183.237.198.198/upic/2023/04/06/17/BMjAyMzA0MDYxNzU1NTFfMzM3MDcxMzY5OF85OTk1NTM1NDc2Ml8xXzM=_b_Bf3de5a22f5483afd56804eee3932466a.mp4
世界多了一个你，而我们多了一个世界,1,小视频,,http://120.238.155.138/upic/2023/04/27/17/BMjAyMzA0MjcxNzMyMjdfMjE5NTcwMzg4NV8xMDE1OTA4NzU0MDNfMV8z_b_Bedc21c8339fb0c99ba33e18e2e041fd7.mp4
80后宝妈，减龄10岁发型 #沈阳发型设计 #沈阳剪发哪家好 #附近哪里做头发好,1,小视频,"沈阳剪发哪家好,沈阳发型设计,附近哪里做头发好",http://120.240.96.214/upic/2023/04/06/13/BMjAyMzA0MDYxMzMyMDFfNDQ2OTI2Nzg5Xzk5OTQwMjY4MjczXzFfMw==_b_B6b0d0b68c4bdcb09c8730210f823faad.mp4
#新手开车 开车必学的5大技巧 #开车,1,小视频,"开车,新手开车",http://183.240.22.81/upic/2023/04/21/17/BMjAyMzA0MjExNzMwNTZfODk4NzQ3NDU3XzEwMTEzOTgxNzQ4OF8xXzM=_b_Ba938e4f2ad21c6ceb385d90f2117b0c4.mp4
我玩原神的第246天：千精久岐忍，达成！#原神 #虚空鼓动劫火高扬 ,1,小视频,"原神,原神 #虚空鼓动劫火高扬 ",http://120.238.155.144/upic/2022/11/27/22/BMjAyMjExMjcyMjI3NDFfMTQ2NzI0NzQ1NF84OTc3Nzc5NjM3OV8wXzM=_b_B02d87f9b2b89cae7f5335fb35d1689fe.mp4
广州欧货服装批发市场，生意火爆，人来人往，奢潮高端男装批发，加油服装人，进货服装宝典，开高端男装店攻略。#欧货#高端欧货 #我要上有用榜 ,1,小视频,欧货#高端欧货 #我要上有用榜 ,http://120.238.155.163/upic/2023/04/18/19/BMjAyMzA0MTgxOTQwMjlfMzk4Njc3ODMzXzEwMDkzNTM4NTk3MF8wXzM=_b_B966e05634f4e9332539c7b606e532cfd.mp4
决定不回去的那一刻突然不那么焦虑了 @威廉妈妈-跨境小超市(O3296375157),1,小视频,,http://120.234.167.72/upic/2023/04/20/07/BMjAyMzA0MjAwNzQ0MTVfNTY5NTQwN18xMDEwMzQxMjEwNzdfMV8z_b_B9e5b4383af6e42e86bc5cb9c10e497fd.mp4
上一个视频违规了😭信我！只是变个装而已啊！求求了审核员大人 #原耽 #针锋对决 #72变怎么样的变只要记住4个字的口诀,1,小视频,"72变怎么样的变只要记住4个字的口诀,原耽,针锋对决",http://120.240.96.213/upic/2023/04/29/20/BMjAyMzA0MjkyMDM0MTZfMzI4MTMyOTM2NV8xMDE3ODQ5Njg3MTBfMl8z_b_B720bdef6b3a7355272a5a55b749cb363.mp4
白天是工作，晚上的才是生活 #石家庄space酒吧 #石家庄酒吧天辰 #石家庄space总监天辰,1,小视频,"石家庄space总监天辰,石家庄space酒吧,石家庄酒吧天辰",http://120.234.167.73/upic/2023/04/28/10/BMjAyMzA0MjgxMDQ3MTlfMjI1MzM1NjgwNl8xMDE2MzgzMjg5MTdfMV8z_b_Bd90ebc20be9e1d0fb137f4c4071e5e9a.mp4
30岁了，没有碰过男人，初吻还在，也没有人喜欢我，长得漂亮有什么用，还不是一个人 #让你表演没让你超越 #气质这一块我没服过谁 #情侣日常 @热点(O40300129) @妞妞直播(O2871555479),1,小视频,"情侣日常,气质这一块我没服过谁,让你表演没让你超越",http://183.237.198.205/upic/2023/04/29/19/BMjAyMzA0MjkxOTQyMDNfMjM3NzcxMTk0N18xMDE3Nzg0NDI5NDBfMl8z_b_B4e52233af2c560366b581da84a947dc3.mp4
悄悄结了个婚🥰,1,小视频,,http://183.240.22.74/upic/2023/04/30/19/BMjAyMzA0MzAxOTIwNDhfMzIyNTI3ODY3XzEwMTg4MzIwOTY0MF8xXzM=_b_Bf01029d264777b5629756bce3dc5f7d1.mp4
又到了吃枇杷的季节 #卖水果的小姐姐,1,小视频,卖水果的小姐姐,http://120.238.155.143/upic/2023/04/29/22/BMjAyMzA0MjkyMjU5NDNfNjM2Nzg5NDQ4XzEwMTgwMjI5OTg2N18xXzM=_b_B16f15ea13a3298c86d49e57704257b76.mp4
#你的腹肌男孩已上线  当男朋友在家帮我修空调时 #,1,小视频,",你的腹肌男孩已上线",http://183.240.22.72/upic/2023/03/18/12/BMjAyMzAzMTgxMjE5MjRfMTU0NTc1NTA0Ml85ODQ0NTExMTM0MF8yXzM=_b_B9b4828193968cf8dc5e8db430a30365a.mp4
美高校园采访 #海外小姐姐  #美女,1,小视频,"海外小姐姐,美女",http://120.240.96.157/upic/2023/04/25/13/BMjAyMzA0MjUxMzM4MTNfMzQ1NjE2MjYwMl8xMDE0NDMyNzU2MDNfMl8z_b_B52b26954bef6340c28521c5bb66d9c1d.mp4
#小说  #小说推荐  #蛋仔派对 ,1,小视频,小说  #小说推荐  #蛋仔派对 ,http://jsmov5.a.yximgs.com/upic/2023/04/29/20/BMjAyMzA0MjkyMDI4NTdfMzQ0Nzc5Mzc4OF8xMDE3NzgzMjA3NDVfMF8z_b_B1f34679b3788cbfccb087c18d3fdb0aa.mp4
#新光合计划  #中国外交,1,小视频,"中国外交,新光合计划",http://183.237.198.198/upic/2023/04/28/17/BMjAyMzA0MjgxNzAzMTRfMjAzNzUzMzA3MF8xMDE2NjA4NTYzOTFfMl8z_b_Bf186c4a2d8b9253e5689d8de401d39d0.mp4
好喜欢低腰裤啊呜呜呜 #刚学的,1,小视频,刚学的,http://120.240.96.204/upic/2023/04/23/20/BMjAyMzA0MjMyMDIyMDVfMTIwMjY0MjE2OF8xMDEzMzQzNjQ3NjFfMV8z_b_Be23af37e7c3468bf56cad60afb8f3d5f.mp4
#泳衣小姐姐,1,小视频,泳衣小姐姐,http://183.240.22.103/upic/2023/04/29/17/BMjAyMzA0MjkxNzM2NDhfMTY1NzA5Mzg5NV8xMDE3NjQzMDk2OTJfMl8z_b_Bd1ad4ab8dd58d8a8e7bc0467124de6dc.mp4
@周hhh.🤗🤗🤗(O3026147190) 另外一个女生在这,1,小视频,,http://120.238.155.144/upic/2023/04/29/12/BMjAyMzA0MjkxMjEwNTJfMjAwNjM5NjMxM18xMDE3MzM5Nzk2MjVfMl8z_b_B441da611e05117e880c4be32cb4ce435.mp4
#生活碎片 #情侣日常 #记录和男朋友的生活,1,小视频,"情侣日常,生活碎片,记录和男朋友的生活",http://120.238.155.153/upic/2023/04/27/15/BMjAyMzA0MjcxNTM3MTZfMjM5Mzk2MDY1NV8xMDE1ODQzODU2MTNfMV8z_b_B76386250067c77a4488bccd523f06c52.mp4
努力训练 成为别人口中跑得快又好看那女的,1,小视频,,http://120.240.96.158/upic/2023/04/29/14/BMjAyMzA0MjkxNDA5NDJfMjM2NDM3MTQzMV8xMDE3NDE2Njk3MjNfMV8z_b_B27204568d6396c1a052aa78dd73f305a.mp4
一半疯了一半算了,1,小视频,,http://120.238.155.155/upic/2023/04/27/22/BMjAyMzA0MjcyMjQ2MzhfMjM4NDY1NDY2NF8xMDE2MTY5OTk5MzNfMF8z_b_B54f711d37e943bca47d658162c175ed4.mp4
此视频送给所有真正喜欢周杰伦的朋友！真正的无与伦比、真正的正能量-周杰伦，没有谁能随随便便成功，送给奋斗的你！#周杰伦 #一人一首周杰伦,1,小视频,"一人一首周杰伦,周杰伦",http://120.240.96.226/upic/2023/04/23/19/BMjAyMzA0MjMxOTA4MDNfMjY0NzMxMDEwMl8xMDEzMjcyNzQ0NzdfMl8z_b_B76c875e84da14c89845c19f642c49bfa.mp4
二婚的我又离婚了，到底该怎么办 #婚姻 #内容过于真实 #情感,1,小视频,"内容过于真实,婚姻,情感",http://120.234.167.72/upic/2023/04/16/10/BMjAyMzA0MTYxMDM4MjZfNjcxNDIxMzU1XzEwMDc0MTgxOTkwNl8xXzM=_b_Bc5c69edd3899ae3116211a1d91effcb0.mp4
晚上我朋友就带着一帮人去帮我找浪人！@农村⚜️扛把子(O83621313),1,小视频,,http://txmov2.a.yximgs.com/upic/2023/04/30/18/BMjAyMzA0MzAxODA5MjlfMTUzNDQ2MDgwNl8xMDE4NzQ4OTY1MDhfMV8z_b_B2e457f75a880c557e8f59b3252019642.mp4
法拉利身材｜少听男人的话 姐妹们听我的💃,1,小视频,,http://120.233.198.14/upic/2023/04/10/20/BMjAyMzA0MTAyMDI4MDBfMTkxODM4NTk2NF8xMDAzMDY1Mzc5NjVfMV8z_b_Bcc51da9c9312f15c864316ef71efb368.mp4
#厦门旅游网红打卡地 #厦门旅游 #厦门美食,1,小视频,"厦门旅游,厦门旅游网红打卡地,厦门美食",http://120.233.198.11/upic/2023/04/27/16/BMjAyMzA0MjcxNjM0MTZfMjM2NTA1MDg2NF8xMDE1ODc0MzQxMjlfMl8z_b_Bbbc66205c0d4bc1ad712bd721a894edb.mp4
#外国人真会玩  #定格好春光  #外国小姐姐,1,小视频,"外国人真会玩,外国小姐姐,定格好春光",http://183.237.198.204/upic/2023/04/24/07/BMjAyMzA0MjQwNzE2MTlfMzM1NTgyMzM0M18xMDEzNTg3NTQ4NDBfMl8z_b_Bcc0ce8264df6584b4315957c45c65876.mp4
十七八岁的女生最好骗，不信你看看现在二十几岁当妈妈的，是不是都是十七八岁结的婚；而24岁以上的女孩根本不想谈恋爱，女孩们记住，别找穷帅的(少部分)，别找妈宝男，别找你喜欢的，一定要在喜欢你的里面找一个有钱的(自身条件)，希望你在24岁之前看到这句话” @热点(O40300129),1,小视频,,http://120.233.198.14/upic/2023/04/27/17/BMjAyMzA0MjcxNzU2MzhfOTgwOTM1ODc5XzEwMTU5MjU0MDI3MF8xXzM=_b_B0babf5105211485f7760c17a7e7a2fd2.mp4
希望你们也天天开心！,1,小视频,,http://183.237.198.200/upic/2023/04/29/18/BMjAyMzA0MjkxODA3MTVfMTg2NDk3NTk3MF8xMDE3Njc2NjQ1NDlfMV8z_b_Bca3a20aa8369287bfc413eaa18fe2e2b.mp4
远嫁的女人好像都喜欢往娘家跑吧，今天我那几个同学也都是带着孩子回娘家玩的😆 #记录生活 #Vlog日常 #远嫁,1,小视频,"Vlog日常,记录生活,远嫁",http://183.240.22.81/upic/2023/04/30/21/BMjAyMzA0MzAyMTU0MzNfODUyMDM1MjI2XzEwMTkwMjUwODE1N18xXzM=_b_B748b797d46f434daed711ac68df0c9b9.mp4
男朋友有点不知所措的样子真的都把我给逗笑了，和他在一起第三个年头啦！今天就来拍了一组蓄谋已久的情侣照片好有意义啊！哈哈这个时候也有在期待我两以后的婚纱照了，看到男朋友穿上西装出来的那一瞬间感觉好正式啊！心里的小鹿已经在乱撞了。哈哈当然还是有一点点欠缺的如果他再高一点就好了。 #情侣 @粉条(O40300047) @热点(O40300129),1,小视频,情侣,http://120.240.96.226/upic/2023/03/05/21/BMjAyMzAzMDUyMTQ1MzRfMTQwNjI0ODAzNV85NzU5NDI3MjY5OF8xXzM=_b_B69b5336160846bb580a5fea7c2e13335.mp4
来哟，敢来挑战我的牙齿的吗。#冰川 #吃冰,1,小视频,"冰川,吃冰",http://120.234.167.72/upic/2023/04/20/20/BMjAyMzA0MjAyMDU0MjlfMTQ5MzU1OTM5XzEwMTA4MjMyMDMzMF8xXzM=_b_B21f895fbbe595a09de671056fa880e0f.mp4
#农村钓鱼人  #上热门感谢官方大大,1,小视频,"上热门感谢官方大大,农村钓鱼人",http://120.240.96.213/upic/2023/04/26/12/BMjAyMzA0MjYxMjU0MDhfODQ3NjU3ODNfMTAxNTA3NjcyMTQ4XzJfMw==_b_Bdd47f8a35e72060e26f118e381565a48.mp4
可惜了 #配音 #声控男友 #斯慕,1,小视频,"声控男友,斯慕,配音",http://120.238.155.150/upic/2023/04/29/01/BMjAyMzA0MjkwMTM1NDhfMjU4OTQ0NTQxMV8xMDE3MDQ4OTYwMzZfMV8z_b_B52f594e3cea67b6b7d72e14715904833.mp4
#唯有足球不可辜负 加油 一定要为自己热爱的努力💪,1,小视频,唯有足球不可辜负,http://183.237.198.203/upic/2023/02/06/15/BMjAyMzAyMDYxNTIzMjFfODY0OTA5MzAzXzk1NjA4NjQ5MDQyXzFfMw==_b_B497189b824a782362e299d010d66ea7c.mp4
腕力神来了,1,小视频,,http://txmov2.a.yximgs.com/upic/2023/04/23/17/BMjAyMzA0MjMxNzQzNDlfMjMyMDc3NDA4M18xMDEzMjEyMjg0NzRfMl8z_b_Bfbccc94d8c469ab6ad46316066d85cc7.mp4
2023VDM迈阿密泳装周 #2023迈阿密泳装秀  #时尚秀场   #t台走秀 ,1,小视频,"2023迈阿密泳装秀  #时尚秀场 ,t台走秀 ",http://upmov.a.kwimgs.com/upic/2023/04/29/16/BMjAyMzA0MjkxNjUxNDZfMTM3MzA5NDg5OV8xMDE3NTk1NDY0MTJfMF8z_b_B2cc981da1eafeb528209b6921a0fbf99.mp4
"#快影万粉扶持计划 ##剪辑用快影 #用快影迎五一 
13万8，65平，三楼，精装，拎包既住，真实房源，真实价格",1,小视频,"剪辑用快影,快影万粉扶持计划,用快影迎五一",http://183.240.22.78/upic/2023/04/29/13/BMjAyMzA0MjkxMzMwMjFfMjU1MDMwNDA2XzEwMTc0MTExMTM0NV8xXzM=_b_B8f5d2031c0b4ca4fdb9769836f76f64f.mp4
好近啊谷爱凌，太美了,1,小视频,,http://183.237.198.200/upic/2023/04/29/06/BMjAyMzA0MjkwNjU4MDlfMTU5MDYyODAwXzEwMTcxMDg1MDg1N18xXzM=_b_B6b47108a0c9c3e0d7632e8fdfe39301b.mp4
38岁了，老是老了点 ， 不算美，但耐看，没同居过，也没谈过恋爱，各项要十成新，还挺耐看 #提到了你,1,小视频,提到了你,http://120.233.198.14/upic/2023/04/28/07/BMjAyMzA0MjgwNzQxNTBfOTQ3NjcxNzM1XzEwMTYyOTUzMjI2N18xXzM=_b_B137837df05063b57f11bddc7b638348e.mp4
#传承弘扬中国传统文化 #昊峰论道  道德经老子大道,1,小视频,"传承弘扬中国传统文化,励志正能量,昊峰论道",http://120.233.198.10/upic/2023/04/23/12/BMjAyMzA0MjMxMjUwMzlfMTM2NjM4MTU5NF8xMDEzMDI5MzE5NTJfMl8z_b_B8d92283c211e38ab1376ede0efc21183.mp4
...,1,小视频,,http://183.237.198.199/upic/2023/04/17/19/BMjAyMzA0MTcxOTI0MjJfMjM0MTUwNDA0Ml8xMDA4NjQyNDg0NzZfMV8z_b_Be3b375d2934c904dabb56bdaac24568f.mp4
抗洪一线的人民子弟兵你们辛苦了 @创作者中心(O40300138) @粉条(O40300047) @发现(O1815060011) #抗洪前线 #向人民子弟兵致敬 #抗洪抢险,1,小视频,"向人民子弟兵致敬,抗洪前线,抗洪抢险",http://120.234.167.72/upic/2023/04/26/05/BMjAyMzA0MjYwNTA2MjRfMjc1ODU0MzU5M18xMDE0ODgyMjE2NDJfMl8z_b_Bda442aaa3838ad83eee9b752febae047.mp4
越南军训女生不得了。,1,小视频,,http://120.234.167.77/upic/2023/04/29/23/BMjAyMzA0MjkyMzAwMTRfMzMyMzYxMDEwNV8xMDE4MDIzMjg2MzBfMl8z_b_B59e3b69d63cca8667d6601f8262926df.mp4
迷不死你,1,小视频,,http://183.237.198.204/upic/2023/04/21/18/BMjAyMzA0MjExODQxNTNfMjgxMDkzNTQ2Nl8xMDExNDYwNTA4MDVfMV8z_b_Ba7c5d6965e9318dd8c6dc57c5a8d6b8d.mp4
跑的越远贴的越狠《水边之夜》 #韩漫 #二次元 #漫画解说 @光合计划助手(O40300118) @平台帐号(O90041) @莉娅漫画库(O735470318),1,小视频,"二次元,漫画解说,韩漫",http://txmov2.a.yximgs.com/upic/2023/03/21/16/BMjAyMzAzMjExNjI0MTlfMjcxODA1NzU5Ml85ODY4Njc0MzI3N18yXzM=_b_B56548549c2c180e97ccba0ee0ce901e1.mp4
“小乖，做吗？不好意思，嘴磕巴了 做我🥵” @严笙.💭(O364639251) @热点(O40300129) @TJ.小美『梦魇/纯情』(O1500175389) @TS.诫轩☠『梦梵奕』(O1512039163) @™Q-小枫.(O2363069442) #浅擦边 #一橙专属话题 #TJ梦魇阁,1,小视频,"TJ梦魇阁,一橙专属话题,浅擦边",http://120.234.167.73/upic/2023/04/23/22/BMjAyMzA0MjMyMjAzNDFfMTM1OTkxNDQ0M18xMDEzNDQwMjM1NTdfMV8z_b_B3ea9e073b193f5387bdecc24d6a2105a.mp4
#无美颜无滤镜最真实的模样 #自余自乐开心一下 #老阿姨也来调皮一下 这个年纪不该有的样子😂😂你们可否喜欢,1,小视频,"无美颜无滤镜最真实的模样,老阿姨也来调皮一下,自余自乐开心一下",http://jsmov5.a.yximgs.com/upic/2023/04/29/06/BMjAyMzA0MjkwNjU2MjNfODM0MDMwNzE5XzEwMTcxMDc2NTc2MV8yXzM=_b_B3101356ded7f5e21d8b90bd937369c24.mp4
小猪佩奇中的诡异天气 #小猪佩奇  #动画  #动画片 ,1,小视频,小猪佩奇  #动画  #动画片 ,http://120.238.155.164/upic/2023/04/23/21/BMjAyMzA0MjMyMTI5MjZfMjk3NTU3NjM1OF8xMDEzNDE0ODI1NzNfMF8z_b_Bad8e733cbbe08bf9f90702f860206166.mp4
男人结了婚，当了爸爸，不管有没有钱，他自己不会断了，姻酒和朋友，聚会打牌，活着像个单身汉，而女人做了妈妈，不管是吃什么，用什么，买什么，去哪玩，第一个想到的，永远是孩子，自己减少聚会，朋友衣服鞋子化妆品，也在慢慢减少，甚至可以没有，这就是男女的区别，所以不要和男人比心狠，你永远也比不过 #现实 #文案 #瘦下来真好 @燕姐姐的带娃日常(O341431944),1,小视频,"文案,现实,瘦下来真好",http://120.234.167.72/upic/2023/04/12/12/BMjAyMzA0MTIxMjEwNDNfMTE3OTIwNDc1NF8xMDA0MTMwMjgzMTNfMV8z_b_Bde070edfcff8e64be827a7f2e2ab7c2b.mp4
我们已经绑定主仆关系~快来和主人聊天吧 #肉腿 #扭一扭 @热点(O40300129) @评论(O40300178),1,小视频,"扭一扭,肉腿",http://183.237.198.206/upic/2023/04/30/14/BMjAyMzA0MzAxNDAwMjBfMTExODU3NzQ1NF8xMDE4NTAxNjQ0OTZfMl8z_b_Bbb0a40fab54f9b72d73037ed0cc382bc.mp4
后海酒吧 对个口型 开心一下不喜勿喷 #音乐 #半路兄弟 #豹哥,1,小视频,"半路兄弟,豹哥,音乐",http://183.237.198.206/upic/2023/04/28/10/BMjAyMzA0MjgxMDIxNDZfNTEzNTg1MDQwXzEwMTYzNjg1ODExOF8xXzM=_b_B350db8fc583600e64197cfab12db1891.mp4
孩子会穿过大雨，去懂人间的道理 #妈妈,1,小视频,妈妈,http://120.238.155.163/upic/2023/04/29/13/BMjAyMzA0MjkxMzExMzNfMjU1OTQzMjc1OV8xMDE3MzkzODA0NTlfMl8z_b_B9e3e12bc470af9e90f1ca620bad1612b.mp4
她不发就我来发吧,1,小视频,,http://120.238.155.163/upic/2023/04/19/19/BMjAyMzA0MTkxOTExMTZfMjMyNzY0NjQwNV8xMDEwMDI5Nzg0ODFfMV8z_b_B5f52fb3f8f366bcf6523e1c8a18a5f0c.mp4
黑白双煞泰裤辣#双倍快乐,1,小视频,双倍快乐,http://183.240.22.75/upic/2023/04/23/18/BMjAyMzA0MjMxODU5NTdfMTIzMzM5NTUzNF8xMDEzMjcyMTQwNjBfMl8z_b_Bdcc9aba919be3f5c7f5a6add9c961609.mp4
走过路过所有打开我视频的亲们早上好💞 感谢亲的支持与陪伴❤️❤️每天看到朋友的留言，就是我最大的开心和快乐，我告诉自己必须坚强，衷心的说声谢谢💕,1,小视频,,http://183.240.22.74/upic/2023/04/29/06/BMjAyMzA0MjkwNjE3NDNfMTE2NjY1NjczNF8xMDE3MDkwMDQ2ODBfMl8z_b_B8ccefa34c6cbb37d0f997fb64d6450dc.mp4
这一定是三生修来的福分，这辈子都享之不尽的福分..... #剧情  #情感  #爱情 ,1,小视频,"剧情  #情感  #爱情 ,爱情",http://txmov2.a.yximgs.com/upic/2023/03/30/15/BMjAyMzAzMzAxNTQ4MDFfMzExNTA4Mjg2OV85OTM0OTY1MDY3Nl8wXzM=_b_B0fa8b72dc7de0cd85e79fc8701b4e4df.mp4
#美缝施工 #新房装修 #装修,1,小视频,"新房装修,美缝施工,装修",http://jsmov3.a.yximgs.com/upic/2023/04/26/19/BMjAyMzA0MjYxOTUwMDBfMTU3Nzk3NTA3Ml8xMDE1MzIzNDI4OTVfMV8z_b_B6e01115b988f8d2451b313ed4fca7925.mp4
好久不见～甚是想念～家人们～我回来啦～ #欢迎回归 #重新回归 #宝藏女孩雅允儿,1,小视频,"宝藏女孩雅允儿,欢迎回归,重新回归",http://120.233.198.11/upic/2023/04/29/19/BMjAyMzA0MjkxOTA0NDdfMjIyNjU2Njk0XzEwMTc3MzEzMTEwMF8xXzM=_b_B707d1aa16dcd82ef6b120ea38343db35.mp4
"#原神 #宵宫cos #门牙战神 
想看拆腿绷带扣1",1,小视频,"原神,宵宫cos,门牙战神",http://183.240.22.89/upic/2023/04/24/10/BMjAyMzA0MjQxMDM0NTNfMTE2NTc1NDEyNV8xMDEzNjY4MTcwMjlfMV8z_b_Beee0a95958d42e3b8b9c8110ff875079.mp4
女生玩吃鸡永远都在追空投的路上…😂 #游戏日常 #又菜又爱玩系列 #女生打游戏,1,小视频,"又菜又爱玩系列,女生打游戏,游戏日常",http://120.238.155.143/upic/2023/04/16/21/BMjAyMzA0MTYyMTE2MjBfMjI2NDUyNDk4MF8xMDA4MDMxODM0NzhfMV8z_b_B512061f474816e5acbcbfd55059f59fc.mp4
甜酱配方毫无保留分享给大家，快回家试试#实体店教学所有技术包教包会 #麻辣烫技术 #真材实料才能做出好味道,1,小视频,"实体店教学所有技术包教包会,真材实料才能做出好味道,麻辣烫技术",http://183.240.22.75/upic/2023/04/21/17/BMjAyMzA0MjExNzQ5MjdfNjc3NTkwMTk5XzEwMTE0MTQwNzM3N18yXzM=_b_B3c9bc7c3589bb5aaae2cb366baa521c6.mp4
天下周氏一家亲，一笔写不出两个周#周氏家族 #寻根问祖 #清明节,1,小视频,"周氏家族,寻根问祖,清明节",http://183.240.22.79/upic/2023/04/02/16/BMjAyMzA0MDIxNjU1NTlfMjU3MTY2NjM3NF85OTYyMzIxNDUxN18yXzM=_b_B481a22868821114694851c93d4df27e0.mp4
野牛一只🥹🥹🥹,1,小视频,,http://183.237.198.203/upic/2023/04/30/22/BMjAyMzA0MzAyMjU0MDVfNTMwMDg1NDYzXzEwMTkxMDA2MTQzNV8xXzM=_b_Bf3e6fa03cec4e3011657aca8e899282d.mp4
#魔鬼身材 #健身美女 #微胖女人是极品 @豆芽鸭鸭🐣(O721129219),1,小视频,"健身美女,微胖女人是极品,魔鬼身材",http://120.238.155.144/upic/2023/04/15/22/BMjAyMzA0MTUyMjM0MDZfMjA0NjUxNzE0XzEwMDcxMDQ3NjkwOF8xXzM=_b_Bba741e49df6523aa226764de4c76a928.mp4
#三月三唱出好日子  #4月发视频赢现金  #发视频赢现金,1,小视频,"4月发视频赢现金,三月三唱出好日子,发视频赢现金",http://jsmov5.a.yximgs.com/upic/2023/04/23/16/BMjAyMzA0MjMxNjAzMDZfMjAwMDY3NTU4MV8xMDEzMTQ2OTE0NjdfMl8z_b_Bde5b7b2300f51528e6246a15db442c5c.mp4
现在都流行这种关系了 和对方聊得很好 和对方说自己的事 说过甜甜的话 伤心了他会安慰你 他安慰你 宠溺你的坏脾气 时不时有点暧昧 会为对象小小的事吃醋 熬夜聊天等他晚安 自己有什么事会和他说好 不管多忙都会回消息 两个人好像已经在谈恋爱了 但事实只是朋友 等他哪天忽然和别人谈恋爱了 你还要恭喜他 然后看着彼此的关系慢慢疏远 慢慢不再联系 朋友之上 恋人未满这就是暧昧 但只有你们清楚你们之前的距离 这种结局让我遗憾了 #美池,1,小视频,美池,http://183.240.22.103/upic/2023/04/19/21/BMjAyMzA0MTkyMTI5MDJfMTg0NTcwMzE2OV8xMDEwMTUyMTcyNTlfMV8z_b_Bc5db1dfd579ad3aeca1fb197d4cc464b.mp4
回村后第九次相亲，我已乱了，多年的手镯只能又默默地藏起来了 #老男人阿浩 #我的乡村生活,1,小视频,"我的乡村生活,老男人阿浩",http://183.240.22.72/upic/2023/04/06/21/BMjAyMzA0MDYyMTQ0MjRfMjEzNjEzMzU2NF85OTk3NTkxMDQxMV8xXzM=_b_Baa74464cadecb3730567d1331720461a.mp4
#集结吧光合创作  感谢大家给我们送这么多吃的祝好心人一生平安，好人会有好报的，谢谢大家对我们的支持，感谢一直以来支持,1,小视频,集结吧光合创作,http://120.238.155.148/upic/2023/04/29/19/BMjAyMzA0MjkxOTI3NTVfNjAwMTQ5OTQzXzEwMTc3NTg3NjA5MF8yXzM=_b_B588ad36f15816beaa847e7a8bb541483.mp4
5岁萌娃诗词量惊人，引评委接连惊叹 #诗词 #萌娃 #教育,1,小视频,"教育,萌娃,诗词",http://txmov2.a.yximgs.com/upic/2023/04/29/19/BMjAyMzA0MjkxOTQxMzVfMzA2ODc5NDg3NF8xMDE3NzgzMjEwMDhfMl8z_b_B6be0641ed1bb93f821390b70afc9b111.mp4
#我为蛋仔派对拍了精彩的作品 #小说推荐 #惊爆小故事,1,小视频,"小说推荐,惊爆小故事,我为蛋仔派对拍了精彩的作品",http://183.240.22.80/upic/2023/04/21/22/BMjAyMzA0MjEyMjM3MjhfMzM4NTIxMjI5MF8xMDExNzI1MTEwNjBfMV8z_b_Bb29b3e9156d580b0a00fe9e4d635d829.mp4
#房产知识分享 #房产干货 #买房须知宝丰,1,小视频,"买房须知宝丰,房产干货,房产知识分享",http://120.240.96.157/upic/2023/02/22/13/BMjAyMzAyMjIxMzMwMzFfMzMxMTM3NTk4NV85Njc3NDA3MTY1OF8yXzM=_b_Bbeac126adc60606435cf4c73a8174f25.mp4
遇到好看女生一定要认识一下，不然你怎么知道会不会成功呢 #海边沙滩走一走 #气质美女,1,小视频,"气质美女,海边沙滩走一走",http://183.240.22.101/upic/2023/03/02/20/BMjAyMzAzMDIyMDI1MjJfMzAxMDgxNjEyMF85NzM0NTkwNDI1Ml8xXzM=_b_B99d58c6994b7d3106a0f6b292cd8ef9c.mp4
把自信的身材扭起来 #这样的身材打几分 #性感慢摇 #美女合集,1,小视频,"性感慢摇,美女合集,这样的身材打几分",http://120.238.155.157/upic/2023/04/30/23/BMjAyMzA0MzAyMzA1MTFfMjEzMjE4NTIzNF8xMDE5MTExOTkyMzVfMl8z_b_B8cf6268476a723f5f77fd2951b6b9182.mp4
#瑜伽裤 #紧身性感美臀美女,1,小视频,"瑜伽裤,紧身性感美臀美女",http://120.238.155.147/upic/2023/04/23/12/BMjAyMzA0MjMxMjU3MjVfOTE5OTQ2NDRfMTAxMzAzMzc3ODkwXzJfMw==_b_B050a4c4a7cfbe8c49a5893c9a0e00115.mp4
#日本风土人情 #日本人,1,小视频,"日本人,日本风土人情",http://120.238.155.153/upic/2023/04/29/22/BMjAyMzA0MjkyMjI0NTZfMjkxNjcwMTUyNl8xMDE3OTg3OTg0ODVfMV8z_b_Bf6e203d79ecba695cd9985392f08c29a.mp4
#蓝心羽如果爱忘了 千道流为了他的孙女献祭了，波塞西也为了唐三成就海神献祭了！,1,小视频,蓝心羽如果爱忘了,http://120.238.155.150/upic/2023/04/29/11/BMjAyMzA0MjkxMTE5NDhfMjkzMTQ4MjUwMV8xMDE3MjkxODcyNDZfMV8z_b_Bc4134fa38d2f2a7a74421a3e3205f30f.mp4
快影制作图片3D翻转效果视频教程@热点(O40300129) @快影学苑(O1813250452) @粉条(O40300047)   #快影星火计划 #花式过五一  #用快影迎五一,1,小视频,"快影星火计划,用快影迎五一,花式过五一",http://jsmov3.a.yximgs.com/upic/2023/04/30/21/BMjAyMzA0MzAyMTE5MjZfMTg2MjU3NTkzOV8xMDE4OTg3ODkxODVfMl8z_b_B6401ced538c1823e785ad0e6ecb64a5b.mp4
八个姑姑，姑父给奶奶祝寿！#跪拜父母养育之恩 #祝天下老人身体健康 #支持正能量,1,小视频,"支持正能量,祝天下老人身体健康,跪拜父母养育之恩",http://120.238.155.160/upic/2023/04/25/10/BMjAyMzA0MjUxMDE5NDZfMTA3OTM0NzY5OF8xMDE0MzI2ODIzMTJfMl8z_b_Bc1ded777951aa887945a34f00be905dd.mp4
我都主动想你了 你就不能主动发消息吗,1,小视频,,http://120.233.198.14/upic/2023/03/31/17/BMjAyMzAzMzExNzU5NDBfMTk4OTc2MjI2Nl85OTQyODczMTEzOV8xXzM=_b_B06f0519b46fabfe8bdc55c3c15d16a47.mp4
黑总幸福时刻马上就要到来❤️不知道是否能表白成功 #黑总 @粉条(O40300047) @平台帐号(O90041),1,小视频,黑总,http://120.240.96.201/upic/2023/04/26/15/BMjAyMzA0MjYxNTA5NDBfMjU3NTM0NDcyOF8xMDE1MTQ3MDAzMzBfMV8z_b_Bd407a64e26c70c11a43b21533c57c9cd.mp4
亲儿子罢了（）#ch美 #CH,1,小视频,"CH,ch美",http://183.237.198.200/upic/2023/04/29/23/BMjAyMzA0MjkyMzM2MzZfMjcwNzg1ODYxMV8xMDE4MDUwNTczNjVfMl8z_b_B1e71f74ee30ef1925e798d3e58f0541e.mp4
#记录孕期,1,小视频,记录孕期,http://120.240.96.201/upic/2023/03/19/17/BMjAyMzAzMTkxNzQ1MjFfNjAzMDU3ODM1Xzk4NTYxOTAxMjA0XzFfMw==_b_Bb2221d1dcfb7ac75f86a672d1c0a60f7.mp4
#已成年别屏蔽04,1,小视频,已成年别屏蔽04,http://120.238.155.160/upic/2023/03/20/18/BMjAyMzAzMjAxODI1MjBfMTEzODcyMDE3Ml85ODYzMDc5MTM2NV8xXzM=_b_B91e5ea844ef090ba1ddb3ca6427c7bfe.mp4
第一次坐船，还真有点晕😵 @狗镇「不忘初心」(O2301676621) @是子怡呀～(O2877986562) #牙粉 #子怡 #狗镇,1,小视频,"子怡,牙粉,狗镇",http://183.237.198.203/upic/2023/02/20/17/BMjAyMzAyMjAxNzE5MjhfMjM4NDY3MDg5Nl85NjY1Mzg0ODE3MF8xXzM=_b_Bce5ce44c9f414bbc751f91e66b0843e7.mp4
生活就是如此呀，互相包容互相理解慢慢改变～,1,小视频,,http://120.240.96.226/upic/2023/04/29/23/BMjAyMzA0MjkyMzA1MDBfNDkxNjc1MDFfMTAxODAyNTY4NDk2XzFfMw==_b_B26d982f6cbc456eced260777beb86290.mp4
倒头就睡#孕妇日常 #夫妻日常,1,小视频,"夫妻日常,孕妇日常",http://120.238.155.164/upic/2023/04/08/02/BMjAyMzA0MDgwMjA3MzVfMTU2NzQ5NzQwOF8xMDAwNjU2ODMwMDFfMV8z_b_Ba66f7a274fcc303bca6817d6090ea70b.mp4
以哥的性格脾气 单身一辈子so easy,1,小视频,,http://183.237.198.205/upic/2023/04/30/21/BMjAyMzA0MzAyMTUyMDFfMTgyMDAyOTkyNl8xMDE5MDMzNDM1MDRfMV8z_b_Ba9313ba5d58ce525405590f34940b316.mp4
评论区点歌 #歌曲串烧 #槿川专属音频,1,小视频,"槿川专属音频,歌曲串烧",http://183.240.22.88/upic/2023/04/29/20/BMjAyMzA0MjkyMDM3MDZfMTY1MTU5MzQ5MV8xMDE3ODUxMTg5NTdfMl8z_b_B15c730463052590728131c76de6c2560.mp4
neo5s见习玩家喜欢点个赞吧#飞智b5fate联名款 #晓龙888 #iQOONeo5s @热点(O40300129),1,小视频,"iQOONeo5s,晓龙888,飞智b5fate联名款",http://120.238.155.136/upic/2023/04/29/19/BMjAyMzA0MjkxOTA4MjVfMjA4NTA2MjUwMl8xMDE3NzM1OTQyMjVfMV8z_b_Be3c99be21e2c0673999630362f61878d.mp4
#盗版小说 #小说 #分辨正盗版 当然不是歧视盗版小说，如果你想看未删减版的，或者是想要带在学校里面去看的，你可以选择去买盗版小说，我这里只是教大家怎样分辨，然后大家也可以做补充在下面,1,小视频,"分辨正盗版,小说,盗版小说",http://120.233.198.10/upic/2023/04/29/11/BMjAyMzA0MjkxMTE5NDNfMjgyODYwMTUyNF8xMDE3MjkwMzEzNDdfMl8z_b_Bb12973387b6f98a1c5257f747466ccb2.mp4
小店没有高档的装修，也没有店员，一个人一家店3台，每天都是老带新，从早忙到晚，踏踏实实的感觉挺好 #创业 #养生馆 #中医养生调理,1,小视频,"中医养生调理,养生馆,创业",http://120.234.167.77/upic/2023/04/28/11/BMjAyMzA0MjgxMTE2MDNfMjY2NTgyMDIxMV8xMDE2Mzk0MjQ1ODdfMV8z_b_B8fc3b07355b4054989b88368e33d50db.mp4
#快影万粉扶持计划 性感小孕妇 #紧身衣性感孕妇 #颜值性感美美女,1,小视频,"快影万粉扶持计划,紧身衣性感孕妇,颜值性感美美女",http://120.233.198.10/upic/2023/03/26/11/BMjAyMzAzMjYxMTUyNDFfMjIxMjA3ODAwM185OTA1MDIzNTAwNl8xXzM=_b_Ba82aa8fb7cbbb48b58cd7a89f45bbe36.mp4
支撑你上学的动力是什么？如果可以你会选择跟我换学校旅游吗 #舞蹈生的日常 #支撑着你上学的动力是什么 #在校舞蹈生日常volg,1,小视频,"在校舞蹈生日常volg,支撑着你上学的动力是什么,舞蹈生的日常",http://120.238.155.156/upic/2023/04/05/13/BMjAyMzA0MDUxMzMzNDJfMTc4MzcxNDUzXzk5ODU0Njk2Nzk1XzFfMw==_b_B0dbff75976080eea88dc9d19c2552c0f.mp4
#这才是童年真实的样子 #为我家小帅哥点个赞,1,小视频,"为我家小帅哥点个赞,这才是童年真实的样子",http://183.237.198.205/upic/2023/04/05/06/BMjAyMzA0MDUwNjE3MTlfMzQxNzQzMTYxN185OTgyNDQ1NTA0NV8yXzM=_b_Bb10ed2dc1302195189c2711d84b042cb.mp4
这个真挑战不了 太疼了！#玩的就是真实,1,小视频,玩的就是真实,http://183.237.198.206/upic/2023/04/28/18/BMjAyMzA0MjgxODE4NDRfNTA5OTI2NDY3XzEwMTY2NzI1NDU0N18xXzM=_b_Bc7aaca0baa3af234305baf64152a3848.mp4
女大学生为赚钱，甘做睡美人！,1,小视频,,http://120.240.96.227/upic/2023/04/22/20/BMjAyMzA0MjIyMDIzMjNfNDM2NTQ5NTdfMTAxMjM2NDcyODg2XzJfMw==_b_B75812d0042121cb496c6af789a06dd78.mp4
《不问Ciaga》 #这次我带你杀出重围 @ღ .(O2733276325) @和情绪睡觉.(O1866329502) @壞情緒(O2890395437) @鸡你太美(O3121841930) @1_讨厌冷暴力.(O2697237410) @小钟神(O2076509527) @博💞(O2755760276) @ㄜメ(O2071485756) @emo钟.(O1031038002) @丂枧(O2843457096) @𝟱𝙞𝙆-Y  ·(O1625203829) @平台帐号(O90041) @程XX(O2259355738) @（=￣ ρ￣=） ..z(O2555782351),1,小视频,这次我带你杀出重围,http://183.237.198.198/upic/2023/04/29/10/BMjAyMzA0MjkxMDM4MDdfMjcwMDQwNjY1MF8xMDE3MjU1NDc3MDRfMF8z_b_B9040a4fea67038314fd48d2e59221ef9.mp4
#健康科普在 #腰间盘突出 #缓解腰痛,1,小视频,"健康科普在,缓解腰痛,腰间盘突出",http://120.238.155.136/upic/2023/04/04/19/BMjAyMzA0MDQxOTI0NDVfMzMyOTg1MTYzMl85OTc5MTI4OTI1Nl8yXzM=_b_B5317445d84a699031ab656c054ced832.mp4
#野外生存纪录片 #荒野生存 #荒野求生,1,小视频,"荒野求生,荒野生存,野外生存纪录片",http://183.237.198.206/upic/2023/04/30/20/BMjAyMzA0MzAyMDM5MDJfMzA1NzAyOTk3M18xMDE4OTMzNjQ3MzNfMl8z_b_B1e5f14ddeeb9f1879e0fa4fe34216bc5.mp4
小舞教育唐舞桐 #唐舞桐   #天天拍好剧  #斗罗大陆小舞 ,1,小视频,"唐舞桐 ,天天拍好剧,天天拍好剧  #斗罗大陆小舞 ",http://120.240.96.216/upic/2023/04/21/22/BMjAyMzA0MjEyMjU3MDFfMjg5NjIyMDU5NV8xMDExNzM4NzE4MjFfMF8z_b_B330f85008ed7066aab52e1ae569b52e4.mp4
染白色0失误的方法 #白色 #染发 #漂发,1,小视频,"染发,漂发,白色",http://183.240.22.75/upic/2023/02/07/12/BMjAyMzAyMDcxMjI0MDdfMzE0ODE3NTY3MF85NTY2OTcwODQ5Nl8xXzM=_b_B164c14f483b38df0d766d0897710bbeb.mp4
20岁总要带点风情万种#纸巾的猪 #定格好春光,1,小视频,"定格好春光,纸巾的猪",http://120.238.155.159/upic/2023/03/26/18/BMjAyMzAzMjYxODEyNDJfOTc2MDg5MDA4Xzk5MDg0Mzc3MTE4XzFfMw==_b_B123a510dc23f0981afe9e622b2b23c9e.mp4
#腰腰腰腰腰腰 #好身材秀出来 #完美身材,1,小视频,"好身材秀出来,完美身材,腰腰腰腰腰腰",http://120.238.155.157/upic/2023/04/19/15/BMjAyMzA0MTkxNTQ0MjJfMzQzNTc4OTE0MV8xMDA5ODk2OTM1NDRfMV8z_b_B9ad1523accb20f88d77076339102b5fd.mp4
#最后一次的温柔 #中文dj @音乐(O40300011) @热点(O40300129) @我要上热门(O1907752910),1,小视频,"中文dj,最后一次的温柔,热门",http://120.233.198.14/upic/2023/04/29/11/BMjAyMzA0MjkxMTI5MzhfOTMzODQ2NDUyXzEwMTczMDIzMzQ2NF8yXzM=_b_B0a815b1eb30345b582b121d719793d47.mp4
"当刷刷到自己，太尴尬了😂
 #上记录生活 #你好新学期 #记录校园生活 @生活(O40300051)",1,小视频,"上快手记录生活,上记录生活,你好新学期,记录校园生活",http://120.234.167.77/upic/2023/02/24/14/BMjAyMzAyMjQxNDQwMzBfMjg0NDE0MTgwMV85NjkwNDQyODgxOF8xXzM=_b_B93b990d7d649f5cf9f3e1daaab219ddc.mp4
义乌～ #啦啦啦啦啦,1,小视频,啦啦啦啦啦,http://120.240.96.204/upic/2023/04/22/19/BMjAyMzA0MjIxOTA5MjZfMTY3MDM0ODAzMF8xMDEyNDg1NzIzOThfMV8z_b_B8ea477310da121cc37d6afb196ed325a.mp4
 #王子文 当众卸妆，展示出布满妊娠纹的肚子，太真实了 #王子文我确实有个小孩 ,1,小视频,王子文 当众卸妆，展示出布满妊娠纹的肚子，太真实了 #王子文我确实有个小孩 ,http://183.237.198.204/upic/2023/01/31/11/BMjAyMzAxMzExMTA3MjlfMjg3OTMzODgyM185NTA2MDM2MTEyMF8wXzM=_b_B06ea1206d9fb7c1a0621f829ea6a5bba.mp4
“你跟着我 倦爷一辈子疼你”后来，沈倦真的疼了他的女孩一辈子... #白日梦我 #顾彩鞠 ys：@怡要中好运来.(O3214170676),1,小视频,"白日梦我,顾彩鞠",http://183.237.198.199/upic/2023/04/29/13/BMjAyMzA0MjkxMzE3MjdfMjE2MjU3MjYyN18xMDE3NDAwNjQ0MTZfMl8z_b_Bad5f186af3fd4e6b98a63504734d7156.mp4
加油，最后几天了 #集结吧光合创作者  #记录在工地上拼搏的日子  #vlog,1,小视频,"vlog,记录在工地上拼搏的日子,集结吧光合创作者",http://120.233.198.10/upic/2023/04/29/20/BMjAyMzA0MjkyMDE4MzZfMzA0MDU1Mjk2M18xMDE3ODI5NDE3MjdfMl8z_b_Be89349d6d3a621d111d0b6de1dce90d0.mp4
...,1,小视频,,http://120.233.198.11/upic/2023/04/29/05/BMjAyMzA0MjkwNTQwNDVfMTI4NzI5OTkyMV8xMDE3MDgyMzYzMTdfMl8z_b_B2b8d7a56816e47df2f564385326f52e5.mp4
在这里打工2年了，上班打螺丝，下班回宿舍，一个月7000花也花不完，真不知道像我们这么好的女孩子最后便宜了哪个进场的小哥哥 哈哈哈#打工生活 #内容过于真实,1,小视频,"内容过于真实,打工生活",http://120.238.155.154/upic/2023/02/11/18/BMjAyMzAyMTExODU0MTFfMjQ0MjA2NDkwNV85NTk4NTU4OTIzN18yXzM=_b_B86b4de6676428be23b0e5cea680d0a5e.mp4
第一次擦边，有点紧张 #腼腆  #七十二变怎么样的变 #小懿是懿也是1,1,小视频,"七十二变怎么样的变,小懿是懿也是1,腼腆",http://120.240.96.214/upic/2023/04/09/16/BMjAyMzA0MDkxNjMzMDZfMTg3Nzc5NzI3Ml8xMDAyMTI3NzQ4NTNfMV8z_b_B31d88925045dfe4ff7dd10c297d468c6.mp4
花开堪折直须折，莫待无花空折枝 #我在人间凑数的日子 #自拍一下,1,小视频,"我在人间凑数的日子,自拍一下",http://120.238.155.158/upic/2023/04/08/20/BMjAyMzA0MDgyMDIxMTNfMTIxMjQ1Mzg5Ml8xMDAxMzc0ODQ4MzRfMV8z_b_B96704a65a1594a3fab098cea5b20f607.mp4
重要声明！小蕊仅此一个号，从不主动私信和引导转账！谨防被假，擦亮眼睛！！！ #翡翠 #翡翠挂件 #翡翠吊坠 ,1,小视频,翡翠 #翡翠挂件 #翡翠吊坠 ,http://183.237.198.206/upic/2023/04/14/16/BMjAyMzA0MTQxNjU3MTVfODcxNzY4MzBfMTAwNTcxNTU4OTM5XzBfMw==_b_B0fb54510f797ad4fdecf028d742f5a58.mp4
#茫茫人海遇到就是缘分 #愿所有的美好不期而遇 #这就是没心眼的傻女人,1,小视频,"愿所有的美好不期而遇,茫茫人海遇到就是缘分,这就是没心眼的傻女人",http://183.240.22.83/upic/2023/04/28/08/BMjAyMzA0MjgwODMxMjlfMzA2ODk5ODI1OV8xMDE2MzE2MTEwMjlfMl8z_b_B0765b389e416b79550b3f038f460ec97.mp4
#背面演示 #一起来跳舞 #增强抵抗力,1,小视频,"一起来跳舞,增强抵抗力,背面演示",http://120.233.198.14/upic/2023/04/24/17/BMjAyMzA0MjQxNzE2NDFfODIzMzAzMTUwXzEwMTM4ODEzNTkwM18xXzM=_b_Bdbc81dbdd382fb20b0465a4befbda151.mp4
胖子崩溃了,1,小视频,,http://120.240.96.204/upic/2023/04/23/14/BMjAyMzA0MjMxNDAyNThfNjc1MjA5OTMxXzEwMTMwNzU3MDA0NF8yXzM=_b_B2e7274e2cdb90960169793a776a4883b.mp4
不计较也不原谅 我是说再见也要双手插兜的女人 @热点(O40300129),1,小视频,,http://183.237.198.205/upic/2023/04/15/16/BMjAyMzA0MTUxNjIyNThfMjEwNDcxNzQ0OV8xMDA2NjczNTY3MDNfMl8z_b_B5fcca48aad876c6d2be33f966b365a07.mp4
名《校草坏笑》#小说推荐 #每日推文  #校园 ,1,小视频,"小说推荐,每日推文  #校园 ",http://183.240.22.83/upic/2023/04/29/17/BMjAyMzA0MjkxNzE5NTFfMzA4MjQ1MDQ4OF8xMDE3NjI2MDIzMTBfMF8z_b_B3ef42bf648a8694fc99fe47990fde817.mp4
很内向说话从来不敢说出声怕被大姐大真实 #校园生活我们并肩走,1,小视频,校园生活我们并肩走,http://120.238.155.162/upic/2023/04/09/17/BMjAyMzA0MDkxNzU4NTZfMTEzNzMxOTMxNl8xMDAyMjA1OTUyODlfMl8z_b_B13576daa366453ab1f655e6fbbe51b20.mp4
#年轻不嗨老年痴呆 @소유.(O2022809328),1,小视频,年轻不嗨老年痴呆,http://120.233.198.11/upic/2023/04/26/02/BMjAyMzA0MjYwMjA2MTlfMjE1MDkyNTI4M18xMDE0ODY2Mjk2MTJfMV8z_b_Bea5b53be81007699504e99f05c8985f8.mp4
2020年在一起，之后异地三年，分过2次手，因为他对身边每个女生都没有区别对待，我吃醋，嫉妒生气，基本都是三天一小吵，五天一大吵，最终他提出来分手，我也毫不犹豫转身离开，分开的这段时间我非常的后悔，想起了他的好止不住眼泪流下来，常常哭醒，后来我公司的同事见我天天无精打采，状态不好，她问了我事情的经过，也建议我值得去挽回，我听了她的意见，使了她用过的灵办法，我没抱太大希望的，尽我自己的努力不后悔就行，经过努力，没想到他主动回来找我，复合半年后，我们订婚了一路上坎坷不断，最终学会了成长，温柔和互相理解，收获我的幸福,1,小视频,,http://120.240.96.212/upic/2023/04/20/07/BMjAyMzA0MjAwNzU0MThfMTIxNzkyNjE5OV8xMDEwMzQ1NzAxNzBfMl8z_b_B92564c2ea7108085916007f7d3efc9f7.mp4
盛大开业,1,小视频,,http://120.240.96.201/upic/2023/04/29/15/BMjAyMzA0MjkxNTQxNTRfNzk0NDQxNTlfMTAxNzUzMjAwNTA4XzFfMw==_b_B8d0963fd85de519b77a1cc03dbbfab9b.mp4
农村里的姑娘，每天生活就是这种，不是在干活就是在小河里玩水，这样的农村姑娘你们喜欢吗？#每天都记录我的农村真实生活日常 #农村姑娘不怕吃苦,1,小视频,"农村姑娘不怕吃苦,每天都记录我的农村真实生活日常",http://txmov2.a.yximgs.com/upic/2023/04/15/13/BMjAyMzA0MTUxMzI0MzBfMTU4MzcwNzE3NF8xMDA2NTEwMTY3NTZfMV8z_b_Bb67d7b2b21dd68c549b432f952e5ab4c.mp4
注意看 这个女人叫小美,1,小视频,,http://120.234.167.77/upic/2023/02/22/19/BMjAyMzAyMjIxOTM5NTlfMTExNjc3NTQ3M185Njc5NTUyNTYyMV8xXzM=_b_B509fd7d974c1b9f45d9cf6f9c465793f.mp4
好想遇到个内向的女孩子，她在网上和你聊的嗨翻天，出来见面硬是一句话不敢跟你说，因为这样的女孩子保守没心机 #日常生活 #拍照姿势 #宝藏男孩,1,小视频,"宝藏男孩,拍照姿势,日常生活",http://120.240.96.157/upic/2023/04/16/12/BMjAyMzA0MTYxMjMxMDdfMzQzNDA3NDE4NF8xMDA3NTI1NjczODhfMV8z_b_Bd25b42b8e890fb84afb133262caef540.mp4
这是我拍他的最后一个视频，他告诉我在买东西的时候拍视频，每天拍视频鼓励我，我每天都想念他 🙏🙏😭 @小胖闯非洲🌍全球户外(O128766465),1,小视频,,http://txmov2.a.yximgs.com/upic/2022/12/21/15/BMjAyMjEyMjExNTA4MTFfNjY5NDgyMzgzXzkxNjM3Mzc5MTU2XzFfMw==_b_B2d87c6d7bfba774b5e2ce60897cd6c87.mp4
一场特殊的婚礼，两个新娘，真相令人，匪夷所思。,1,小视频,,http://120.233.198.11/upic/2023/04/22/19/BMjAyMzA0MjIxOTI4MzdfMTY4MTUxMDc0MF8xMDEyNTA0Mzk4MDlfMl8z_b_B1c572174cbf29f78cf6e416cfff7dec7.mp4
外面的风有多刺骨 回家就有多暖心。 #爸爸,1,小视频,爸爸,http://120.238.155.148/upic/2023/04/29/02/BMjAyMzA0MjkwMjE3MzRfMTQzMDAyNTM0NF8xMDE3MDU1OTk4MDJfMV8z_b_B4d0357b5b73ad8b8c87ef7be3185e12f.mp4
哥的小美还会青海摇 你们都给我低调点 #酷九七 #青海摇,1,小视频,"酷九七,青海摇",http://183.240.22.73/upic/2023/04/30/11/BMjAyMzA0MzAxMTI2MTVfMTExMTI3MzA0OF8xMDE4MzU0MDM0MTBfMl8z_b_B0de09c38961a8532d6c699cb39d030ac.mp4
...,1,小视频,,http://120.238.155.150/upic/2023/04/29/22/BMjAyMzA0MjkyMjE1MzlfMzQwMDU1MDgwNl8xMDE3OTc5OTAzMzRfMl8z_b_Be8c36ee10a592531c4e061a89c3c413c.mp4
180大壮带173小美出街，回头率满满 #最萌身高差 #情侣日常 #180cm的小姐姐,1,小视频,"180cm的小姐姐,情侣日常,最萌身高差",http://120.238.155.137/upic/2023/04/22/16/BMjAyMzA0MjIxNjI0MjJfNDQ5MjkyOTY4XzEwMTIzMjI5Njc4MV8yXzM=_b_B92fc0c17e68d1eb94afe623e002230b4.mp4
性别也不用卡那么死...#原神  #胡桃  #盛典与慧业,1,小视频,"原神,盛典与慧业,胡桃",http://120.238.155.144/upic/2023/04/25/19/BMjAyMzA0MjUxOTM5NDhfMjAyNDI0NTc5OF8xMDE0NjQ3OTQ3NTJfMF8z_b_B1c992774a40bc4ce0d34bd340c184a8c.mp4
#原神 #风系小男孩 吸溜~😍,1,小视频,"原神,风系小男孩",http://120.238.155.157/upic/2023/04/29/14/BMjAyMzA0MjkxNDIwNDRfMjQ0NjE3NTc3NF8xMDE3NDU3ODE5MTRfMl8z_b_Bf4d77f60cd08c4ea3f8d8b3f7a29d7a7.mp4
#ppkritt 这套真的很福利#他泰,1,小视频,"ppkritt,他泰",http://183.237.198.198/upic/2023/03/06/00/BMjAyMzAzMDYwMDMyMjBfMjkwMTY4MDM5OF85NzYwMzM1MDIyM18yXzM=_b_B3888eae90c3c0660329cfbe391d38f6c.mp4
搞笑腹语，街头逗美女😂 #搞笑腹语 #每天搞笑视频不断,1,小视频,"搞笑腹语,每天搞笑视频不断",http://183.240.22.83/upic/2023/04/22/09/BMjAyMzA0MjIwOTAzNDBfMjMyMjc4ODA5OF8xMDExOTM5MDIxNzlfMl8z_b_B0ae154ffd43d858549e29e8f91065c0f.mp4
情感生活短剧 #男女情感 #女人就要美美的 #情侣日常,1,小视频,"女人就要美美的,情侣日常,男女情感",http://120.233.198.10/upic/2023/04/26/21/BMjAyMzA0MjYyMTM0MThfMjQ1MzExMTg2N18xMDE1NDIzMzMzOTZfMl8z_b_B5fa88a1edc7af3750cedb22f7b5e8802.mp4
打不过？那就换人 #金铲铲之战,1,小视频,金铲铲之战,http://183.240.22.72/upic/2023/04/16/10/BMjAyMzA0MTYxMDEwMTZfODA3ODk4NTNfMTAwNzM5MjExMjI5XzFfMw==_b_B761d017d9999bf307f13ef6b07fa0357.mp4
做高质量男人送好质量女人#我要上有用榜 #内向社恐 @热点(O40300129),1,小视频,"内向社恐,我要上有用榜",http://120.234.167.77/upic/2023/04/05/19/BMjAyMzA0MDUxOTMzNDJfMjAyNjQ5NzgwXzk5ODg5MDI2NTc3XzFfMw==_b_B1aa6d742180e527ff0a29fc100d63380.mp4
#劳动人民的智慧  #牛人新发明  #传递正能量  @热点(O40300129) ,1,小视频,"传递正能量,劳动人民的智慧  #牛人新发明  #传递正能量  @热点(O40300129) ",http://120.238.155.150/upic/2023/04/28/14/BMjAyMzA0MjgxNDI3NTNfMjA5OTg5NjcwNF8xMDE2NTA5OTMyNjhfMF8z_b_B8e63fa2460cc55ebc4d2a0052dde92db.mp4
"穷女孩的一生
音频： @凌恋。(O2672196844)",1,小视频,,http://183.237.198.199/upic/2023/04/24/12/BMjAyMzA0MjQxMjI2MTVfMjgyNzkzOTcwMV8xMDEzNzI3NDQ2NjVfMl8z_b_B6a03555db6afb0e084c7e4cb68f6f956.mp4
花出 花开 花盛 花枯 花落.,1,小视频,,http://120.240.96.158/upic/2023/03/11/19/BMjAyMzAzMTExOTA3MzdfMTM4ODk2MTA2Ml85Nzk5MzI1NzA4OV8yXzM=_b_Ba28b2b2bd1cb64b6a230cd9782eff31b.mp4
过度考虑别人眼中的自己 是对自己的不认可,1,小视频,,http://183.240.22.79/upic/2023/04/21/04/BMjAyMzA0MjEwNDU4MjdfMTQ2ODU3MDA2N18xMDExMDA0MTI2NzNfMF8z_b_B3ac86d767c063462e58c730e2371284b.mp4
氛围大卷这样卷，业绩都要翻一翻 #电棒造型 #义乌染发皓羽 #义乌发型师皓羽,1,小视频,"义乌发型师皓羽,义乌染发皓羽,电棒造型",http://120.233.198.14/upic/2023/04/30/21/BMjAyMzA0MzAyMTAyMjVfMTY1MzQ4NjAwXzEwMTg5NTQzOTgwNF8xXzM=_b_B1a54d1143dbcdb711ec7eef1b1bd8edc.mp4
"风浪越大鱼越贵～ @二驴的（晚八点）(O59241800) 
立志要做驴家班带货第一人！
冲冲冲～跟着师父向前冲～
加油💪刘刘，没什么能牵绊你，除了你自己内心的怯懦，放手干吧！",1,小视频,,http://txmov2.a.yximgs.com/upic/2023/03/13/12/BMjAyMzAzMTMxMjQ3NTVfODMyMzE4MzI5Xzk4MTIwOTI0NTE5XzFfMw==_b_B14c0df8192be06db177ab9ac3f296629.mp4
Sidra KYC【下】 #精选 #Kyc #sidra,1,小视频,"Kyc,sidra,精选",http://bdmov.a.yximgs.com/upic/2023/04/30/12/BMjAyMzA0MzAxMjU0MjhfMjkxOTE5MTE1NV8xMDE4NDM4OTgyNTZfMl8z_b_Bd9608fe11377f3d8c5edbfafdc0f9b37.mp4
来三亚一定要来呀诺达感受热带雨林风情！体验下明星都玩过的魔鬼秋千 #带你一起看风景,1,小视频,带你一起看风景,http://183.237.198.205/upic/2023/04/17/12/BMjAyMzA0MTcxMjQ3NTBfMjM2NjI0Mjk1NF8xMDA4Mzk5NTIyMjFfMV8z_b_Bbac2e103223b4e68b54052121c4a70a8.mp4
#好听的歌曲分享  #每天分享好听歌曲  #音乐短视频制作,1,小视频,"好听的歌曲分享,每天分享好听歌曲,音乐短视频制作",http://183.237.198.204/upic/2023/04/29/07/BMjAyMzA0MjkwNzUwMDVfNTM0OTg5MzUyXzEwMTcxMjk2MjEzNF8yXzM=_b_B33ca3ad63cd69eeb359766b2a6b06fd7.mp4
#沙滩,1,小视频,沙滩,http://120.238.155.137/upic/2023/04/18/12/BMjAyMzA0MTgxMjU2MzRfMTgwNjI4Mjg2MF8xMDA5MTEwODM3OTBfMl8z_b_B3f5db1ccf83daca329bced8ec928ef49.mp4
大神弟弟睡床板的原因，竟然是…… #苏州劳务天花板 #找工作 #进厂打工,1,小视频,"找工作,苏州劳务天花板,进厂打工",http://183.237.198.199/upic/2023/04/29/17/BMjAyMzA0MjkxNzI4MDBfMzAyMDk0NDM3OF8xMDE3NjMzNjM4MzRfMV8z_b_Bd382529e9571d9599e325a798b865a79.mp4
春雨中带着狗狗露营，烤火听雨声好惬意！#户外露营 #户外美食 #野炊 ,1,小视频,户外露营 #户外美食 #野炊 ,http://120.238.155.160/upic/2023/04/18/21/BMjAyMzA0MTgyMTM4MDBfMjk2MzA5MDcyMF8xMDA5NDY3ODE2NDdfMF8z_b_Bf28ce9ff8ee05d4f7f86325e64201043.mp4
全场清唱的#capper张研拙 #音乐 #音乐现场 @发现(O1815060011) @音乐(O40300011) @粉条(O40300047),1,小视频,"capper张研拙,音乐,音乐现场",http://120.233.198.10/upic/2023/04/30/00/BMjAyMzA0MzAwMDA2MzBfMTY5MzUwNjI0M18xMDE4MDY1MzA3MjhfMl8z_b_B8e4683d9b3e08e4d17652a44e726c412.mp4
#阿曲莫以后跟阿强哥永远在一起过好每一天 #农村生活日常记录,1,小视频,"农村生活日常记录,阿曲莫以后跟阿强哥永远在一起过好每一天",http://120.240.96.224/upic/2023/04/28/21/BMjAyMzA0MjgyMTU1MjJfMTQ4MTA5MTYzMF8xMDE2OTE2NjgzOTJfMl8z_b_Bb3f8fb777cca048bc5bdb17204e99654.mp4
#易经文化 #华夏文明上下五千年 #国学文化,1,小视频,"华夏文明上下五千年,国学文化,易经文化",http://120.238.155.159/upic/2023/04/28/20/BMjAyMzA0MjgyMDE4MjlfMTU0MDM2NTY4MF8xMDE2ODAxOTI5MTJfMl8z_b_B602def9470707b79740dd4aa4679b1bb.mp4
我低调不是我怕你 是我不爱搭理你#天天拍好剧  #王大缸 #正能量,1,小视频,"天天拍好剧,正能量,王大缸",http://120.240.96.213/upic/2023/04/29/20/BMjAyMzA0MjkyMDA0NDlfODY4Njk4NzBfMTAxNzgwMjY2MjY5XzFfMw==_b_B9aba020867dee0025f11770641e4ae17.mp4
这两个女生太欺负人了 #给学校丢脸 @宝宝^^o^(O1838384371),1,小视频,给学校丢脸,http://183.237.198.204/upic/2023/04/29/16/BMjAyMzA0MjkxNjM5NTJfMjExOTM3ODMyM18xMDE3NTg3NDYyMDFfMV8z_b_Bb8d5319e1d407e451592d556f35babfa.mp4
#清纯女神 #好身材秀出来 #气质美女,1,小视频,"好身材秀出来,气质美女,清纯女神",http://jsmov3.a.yximgs.com/upic/2023/04/23/23/BMjAyMzA0MjMyMzUzMzFfMTMzNzk0NzY2MF8xMDEzNTA4OTExMjNfMl8z_b_Bc435327b2901d9e0318be53ff6881ce4.mp4
肩颈精油按摩，建议擦上#艾草生姜精油 #按摩放松 #适合所有人,1,小视频,"按摩放松,艾草生姜精油,适合所有人",http://183.240.22.78/upic/2023/04/29/08/BMjAyMzA0MjkwODI2NTFfODk3MTE3NDg1XzEwMTcxNTYwMjYyOF8xXzM=_b_B887a2d27e94cc85d8aade4397b6b295c.mp4
地铁里碰到我低调点，小心我电摇你们 @意思 -(O115702098) 举牌找她 #举牌,1,小视频,举牌,http://txmov2.a.kwimgs.com/upic/2023/04/19/18/BMjAyMzA0MTkxODIyMTNfMTMzODYzMDcyOV8xMDA5OTkxODUyMTVfMV8z_b_Bb949c5af8c207f8d2dffdbdcbc33973f.mp4
傻鸭拆卡——晶钻5 #叶罗丽卡片 #时灵姐妹 #精灵梦叶罗丽,1,小视频,"叶罗丽卡片,时灵姐妹,精灵梦叶罗丽",http://183.237.198.204/upic/2023/04/30/12/BMjAyMzA0MzAxMjUwMjVfMzQ2MTE2OTMxOV8xMDE4NDI4NTE1OTRfMV8z_b_B7b7cee04220536765247489edac41733.mp4
"#陈劲生 
陈劲生就读于a市六中，14岁的时候被校园霸凌，年少骨头硬自尊心强，宁愿被打死也不肯跪的那一次，遇见了倪迦，本以为她是好人，却发现她也是其中一员，那一天是他人生中最灰暗也是最特别的一天。 三年后，他成功地报复了那些人，把自己混成了所有人得罪不起的样子，消失已久的倪迦再次出现，打乱了他的心绪，他伤害她，却又忍不住保护和照顾她。 后被倪迦发现他因为三年前的事情患心理疾病 倪迦主动对上肖子强那帮人想替他挡灾，陈劲生为救倪迦受伤，不久后倪迦被迫出国。陈劲生自杀于家中，但被楚梨发现救了回来。陈劲生放不下自尊去找倪迦，在原地等了她九年，而倪迦因为被求婚想起来一直以来心里的那个人想找个答案，两人在a市重逢。时隔12年，两人再次回到a市六中，陈劲生作为优秀毕业生上台发言，当被学弟学妹们问起当年的事，他说：“娶她是我高中就认定的事”。 三千米的尽头是陈劲生为爱挡刀的是陈劲生喝柠檬水的是陈劲生为爱自杀的是陈劲生风声渐起可惜你不是神明也不是救赎而是我的深渊他说：“娶她是我高中就认定的事”“Dasseinzumtode”“向死而生向着陈劲生 他要玫瑰不要命 他是陈劲生 如果爱是甘拜下风，那我跪陈劲生他叫陈劲生曾经六中校霸篮球场操场三千米的神A市大酒店的陈总整个A市女人的梦最后为爱退出江湖. “在这纷乱冗杂的时代，陈劲生亦是信仰。” 他要浪漫不要命他是chenjin sheng 是188是天蝎是内双是痛仰是A市高二九班是死里向生是陈劲生是我滚烫的青春白衬衫会打篮球会陪跑3000米柠檬水自杀为爱挡刀三年恨九年爱. 他是暗处迎盛阳的玫瑰，是向死而生的浪漫主义者 耳东陈劲处逢生的劲 向死而生的生 
他要玫瑰不要命 𝓬𝓱𝓮𝓷 
 @热点 . @ᑋᵉᑊᑊᵒ~🎁(O1168261545) @記住我.(O2659354105) @只爱.＼（`Δ’）／.♥(O2849264730) @閟湗鋼.💖(O2723718113) @🐰-^困困兔^-🦋(O123544827) @小涵好困a(O2726160217) @有點emo的小露鮟(O2869612868) @大帅逼·宋汐筠『轩丌阁』(O2372308622) @奈.椿.紫.潇❤️(O1153443277) @＾笨蛋の林洛💤(O2414193038) @“.心向阳.”(O866844248) @聆听↹(O1733963056) @晚晚皆安.(O2808689447) @孤独(O3037934791) @三言两语冰我心.(O2343609439)",1,小视频,陈劲生,http://120.238.155.148/upic/2023/04/29/22/BMjAyMzA0MjkyMjE0MzZfMjA4MDU2NjA3MF8xMDE3OTc0ODI3NzNfMl8z_b_B8c55f156839188fc1e6dd60b5f3cda55.mp4
#颜值秀场  #大晚上出来吓吓人  #超好看头像,1,小视频,"大晚上出来吓吓人,超好看头像,颜值秀场",http://183.237.198.204/upic/2023/04/29/23/BMjAyMzA0MjkyMzA2NDlfMjI5NjI2MTI4NV8xMDE4MDI4NDQ0NTZfMl8z_b_Bc87d5f581e16fe65fb3119d2b88f35e2.mp4
全程没有多一句废话！！！,1,小视频,,http://183.237.198.198/upic/2023/04/29/09/BMjAyMzA0MjkwOTA1MjZfNjQzMjQ5NjQ1XzEwMTcxODA2MDA0MV8wXzM=_b_B22ba6587e787ae4839e8bf3a9f4f1ece.mp4
...,1,小视频,,http://120.240.96.201/upic/2023/04/28/17/BMjAyMzA0MjgxNzM1MDVfMjk2MTc5NjkwNl8xMDE2NjM0MDE2MTFfMl8z_b_B6b0211115cc651ec7d47027ce9580727.mp4
有你期待的吗？ #任嘉伦,1,小视频,任嘉伦,http://183.240.22.78/upic/2023/03/16/13/BMjAyMzAzMTYxMzA4NDZfNTcxNzAzNzM2Xzk4MzA3MzA0MDI1XzFfMw==_b_B9c117f725fb4ddbc59634f8b8c8124bc.mp4
最好的风水是自己 #记录校园美好生活,1,小视频,记录校园美好生活,http://183.237.198.204/upic/2023/04/21/15/BMjAyMzA0MjExNTMxMzJfNDgxNzc4NjI3XzEwMTEzMTc0NjgzMl8xXzM=_b_B6fbd74d52dd9bcc3e34db27edaa995cf.mp4
扭一个拿捏🫴了 #张美丽,1,小视频,张美丽,http://120.233.198.14/upic/2023/04/29/20/BMjAyMzA0MjkyMDQ5NTFfMjQ4OTQwNDQ2OV8xMDE3ODcxMzE2ODdfMV8z_b_Bc0c84b4eed5ebcc693cf0f5c773923c9.mp4
不正经的穷游#小说 #小说推荐 #小说推文 @平台帐号(O90041) ,1,小视频,小说 #小说推荐 #小说推文 @平台帐号(O90041) ,http://jsmov5.a.yximgs.com/upic/2022/12/14/00/BMjAyMjEyMTQwMDAzNTdfMzA5NDY5OTE3Nl85MTA2ODI0Mjc2Ml8wXzM=_b_Bbc28c5471b5d3b9f7f7a86a2a1748039.mp4
📖：  温软撩人#爽文小说 #小说推荐 #每日推文 @粉条(O40300047) @热点(O40300129),1,小视频,"小说推荐,每日推文,爽文小说",http://120.233.198.10/upic/2023/04/27/20/BMjAyMzA0MjcyMDU5MzFfMjA5Mjc4MDE2NF8xMDE2MDc3MzgxNjdfMl8z_b_B13488890c3e2db055dde2877e1a12119.mp4
金角银角被踢回凡间 #23年春日暴击 #暴击向前冲 #有兽焉,1,小视频,"23年春日暴击,暴击向前冲,有兽焉",http://183.237.198.205/upic/2023/04/28/22/BMjAyMzA0MjgyMjI2MTVfMzE4OTk3NDUyOF8xMDE2OTQ1NDYzNTNfMl8z_b_B446998c0c0c87a64bf05dc3733d86cfb.mp4
恩特儿的正确吃法🤔#樱桃 #恩特儿,1,小视频,"恩特儿,樱桃",http://183.240.22.122/upic/2023/04/28/16/BMjAyMzA0MjgxNjE5MThfNjEwODM3NDgwXzEwMTY1NzcwNjA1OF8xXzM=_b_Ba65d86d9ed3d9e2a00a87e5c2605af40.mp4
"#Evanbee 
我草宝会越来越好的!!!",1,小视频,Evanbee,http://120.240.96.224/upic/2023/04/19/14/BMjAyMzA0MTkxNDI3NDhfNzMyMzg2MTI0XzEwMDk4NTc1MzAyMV8yXzM=_b_Bfcd50bf015937b80eddb725319b7db55.mp4
#古建筑之美 喜欢的音乐走起,1,小视频,古建筑之美,http://120.233.198.10/upic/2023/04/29/23/BMjAyMzA0MjkyMzE0MTFfMjAyMzg5NzE3OF8xMDE4MDMzNDEzOTlfMl8z_b_Baa7487c8509982ca6a27f29921a2c9aa.mp4
#剪辑用快影  #中国传统文化  #民间故事传说 @我要上热门(O1907752910) @粉条(O40300047),1,小视频,"中国传统文化,剪辑用快影,民间故事传说",http://120.238.155.148/upic/2023/04/23/19/BMjAyMzA0MjMxOTQ2NDJfMjk4MDg5NjgzMl8xMDEzMzEyODE2MTJfMl8z_b_Be0e9f59377f8599c700b8f69affdd31f.mp4
#健身女神,1,小视频,健身女神,http://120.233.198.10/upic/2023/04/23/12/BMjAyMzA0MjMxMjI4MTRfMzM0MTI1NDM0Nl8xMDEzMDE1MzI0MzVfMl8z_b_Bb97e2fad4f938a54b9e659847d6ef966.mp4
...,1,小视频,,http://120.238.155.164/upic/2023/04/29/01/BMjAyMzA0MjkwMTM5NTBfODQ4ODQxNDA4XzEwMTcwNDg5NDYzOF8xXzM=_b_B5204a8068230c525338fa110753e0cc0.mp4
每天都坚持几分钟，你绝对会爱上自己的腿。不舍得撸腿，哪来美丽的夏天呢？ #瘦腿 #瘦腿神器 #逆袭筷子腿,1,小视频,"瘦腿,瘦腿神器,逆袭筷子腿",http://120.233.198.11/upic/2023/04/22/19/BMjAyMzA0MjIxOTMzNTFfMjg4ODgwNzQ3OV8xMDEyNTEwMzQyMzlfMV8z_b_Bafa4716ed3af91fffc0e9489ccd95142.mp4
#弘扬中国传统武术文化 #太极 #双胞胎 快叫身边的人来安排这个动作 @Yeeex.(O904968475),1,小视频,"双胞胎,太极,弘扬中国传统武术文化",http://120.234.167.77/upic/2022/11/21/15/BMjAyMjExMjExNTM1NTVfNTA1NzEzMjk2Xzg5MjM4MzI5MDE5XzJfMw==_b_B073cbb4b178dc67c24ecdce727280312.mp4
我这么有趣 丢下我 以后哪个小学生陪你呀˵＞𖥦＜˵,1,小视频,,http://120.240.96.226/upic/2023/04/29/21/BMjAyMzA0MjkyMTE2NTNfMjY4NjEzODgxNV8xMDE3OTA2NjcyNTlfMl8z_b_B9bb56bfaa1412c87a001845e19a68965.mp4
名：《作精甜妻》#小说  #故事  #推文  ,1,小视频,"小说,推文,故事",http://183.240.22.86/upic/2023/04/18/17/BMjAyMzA0MTgxNzUzMjJfMzM3NDQxNjIxMV8xMDA5MjY4MDYwNDhfMF8z_b_B28ead1d4293daa539b061e2605ebb673.mp4
#不好看也发  #让你的好朋友给你拍,1,小视频,"不好看也发,让你的好朋友给你拍",http://183.237.198.206/upic/2023/04/30/23/BMjAyMzA0MzAyMzA4MjNfMjA2NTg4ODAxMV8xMDE5MTE0NjI5NDdfMl8z_b_B2dffbc407adf0fe5ad3e474f6e253e47.mp4
黄金暴跌#今日金价 #黄金首饰 #深圳水贝,1,小视频,"今日金价,深圳水贝,黄金首饰",http://183.240.22.83/upic/2023/04/27/18/BMjAyMzA0MjcxODA3NDRfMTgwNjU3NDk2NV8xMDE1OTMzMTE4MTJfMl8z_b_Bca364cf26aba3fce2d678aa672ed816d.mp4
#员工日常 把她带回广西，让她成为广西表妹… @创作者中心(O40300138),1,小视频,员工日常,http://120.240.96.216/upic/2022/11/06/18/BMjAyMjExMDYxODM1MDBfMTQ5NjE5Nzg2Nl84ODExOTA2NTcyM18xXzM=_b_B82f3690cf1650b4ea67ddfccd8c30b4f.mp4
谈了79天 他把我从104养到了114. #王捷飞宇,1,小视频,王捷飞宇,http://183.237.198.206/upic/2023/04/25/21/BMjAyMzA0MjUyMTA3NTJfNTY5MTcwNDMwXzEwMTQ3MjU2MTkxM18yXzM=_b_Bfffe82e3dbe322b2f6cb176cda9c6ce1.mp4
#腰腰腰腰腰腰 #好身材秀出来 #日常摇一摇,1,小视频,"好身材秀出来,日常摇一摇,腰腰腰腰腰腰",http://120.238.155.138/upic/2023/04/16/15/BMjAyMzA0MTYxNTM2MDNfNTI2NjU2OTAzXzEwMDc2OTg5OTA3OF8xXzM=_b_B1b2d637a96845314e812c94a2fbaa3a7.mp4
#美女体育 #女神 #运动,1,小视频,"女神,美女体育,运动",http://120.238.155.162/upic/2023/04/28/18/BMjAyMzA0MjgxODI5MTJfMTgyOTExNjc4Nl8xMDE2NjgyODE5MjJfMl8z_b_B0d142f05fef75a194c9f96789e770ac6.mp4
你们评论多少我都回复#快影万粉扶持计划 井川里予,1,小视频,快影万粉扶持计划,http://120.238.155.138/upic/2023/04/29/19/BMjAyMzA0MjkxOTE1NTdfMTM1NjEzNDU2MV8xMDE3NzUyODk2OTlfMl8z_b_Bc5bed72500aa667865c0e16c8259b9ba.mp4
🔥,1,小视频,,http://120.234.167.72/upic/2023/03/09/16/BMjAyMzAzMDkxNjAyNTZfNjQ0NDQ2MDU3Xzk3ODMxMzI0OTk0XzFfMw==_b_B53c8a05c1599c14884bd90fad5ac01b2.mp4
永远不要在老公面前说婆家人的不是，也不要在婆家人面前告老公的状态。你要清晰的明白，人家才是有血缘关系的一家人，多大的错都会互相原谅的，孤军奋战的日子终会熬出来。女人就应在人间清醒，谁对你好就对谁好，谁拿你当家人，你就当她是家人。如果当你是陌生人，那你就和他们保持距离，做一个陌生人。 #婆媳之间那点事儿,1,小视频,婆媳之间那点事儿,http://txmov2.a.kwimgs.com/upic/2023/04/24/12/BMjAyMzA0MjQxMjE1MDJfMTg2NTAwMjUwNl8xMDEzNzIxOTgyNDRfMV8z_b_B31207e512973bc865342edb364df3f10.mp4
这辈子的最后一次月子了，29天了，明天就可以出关了，月子出了6次门，整个月子手机不离手，每天白天黑夜的奶娃儿，真的特别累 #熬过这段时间一切都会好的,1,小视频,熬过这段时间一切都会好的,http://120.233.198.11/upic/2023/04/18/15/BMjAyMzA0MTgxNTEwMjhfMzUzMTA0ODczXzEwMDkxODEzNTcwNl8yXzM=_b_Bd905137bea0fbae8478996244cd2d049.mp4
#快影万粉扶持计划 # #讲述大案纪实故事 #快影万粉扶持计划,1,小视频,",快影万粉扶持计划,讲述大案纪实故事",http://120.233.198.10/upic/2023/04/29/12/BMjAyMzA0MjkxMjExNTVfMTEzOTg4NDc0Nl8xMDE3MzM4Mzg5NjRfMl8z_b_Bb302d59a71613bae064e93ca68b3a821.mp4
做自己的大艺术家,1,小视频,,http://120.238.155.137/upic/2023/03/08/11/BMjAyMzAzMDgxMTEzMTZfMTEyOTIzMDM5Xzk3NzQ1Mzg4NjE5XzFfMw==_b_B0fc2c8c92f7b475b7734c4afeeaa7dc1.mp4
晚点开播 #没拍好凑合着看吧 #浅浅更个新,1,小视频,"没拍好凑合着看吧,浅浅更个新",http://183.237.198.206/upic/2023/04/15/19/BMjAyMzA0MTUxOTQ2NDhfMTU2NDg5MjE5M18xMDA2ODkzNjQxNjhfMl8z_b_B05300619d25bc0573f2788fe1e93522f.mp4
比起减肥受的苦，那种肥胖把我压到谷底里的日子，会让我觉得更苦 #瘦下来真好 #成功逆袭 #瘦下来做最美的自己,1,小视频,"成功逆袭,瘦下来做最美的自己,瘦下来真好",http://183.237.198.205/upic/2023/04/28/11/BMjAyMzA0MjgxMTQ3MTdfMjk5MTc3NDcwMF8xMDE2NDE2NTI4NDVfMV8z_b_Ba0cd647e3fa4f08acfa128a67d8a7fd9.mp4
四月新番《我推的孩子》第3集，陷害母亲的凶手出现？为了拿到DNA核对，阿库娅接受加奈邀请重新演戏。 #我推的孩子 #四月新番 #动漫解说,1,小视频,"动漫解说,四月新番,我推的孩子",http://120.238.155.163/upic/2023/04/27/03/BMjAyMzA0MjcwMzAzNDlfNjU4ODE0MTcyXzEwMTU1NDI3NzQ3NV8yXzM=_b_Ba7aece8818795bc88d46bdbfac1b9f1b.mp4
买榴莲的小妙招！看完你也能买到好吃的榴莲#给你买榴莲的人一定是最爱你的人 #猫山王榴莲,1,小视频,"猫山王榴莲,给你买榴莲的人一定是最爱你的人",http://txmov2.a.yximgs.com/upic/2023/04/24/07/BMjAyMzA0MjQwNzEzMjlfMjY4ODU5MDUxMl8xMDEzNTg2MjMzODRfMV8z_b_B17fb835ab3236ce894ba145b92b65825.mp4
王小贱单挑典韦，竟然输给9岁小朋友？#王者荣耀 #王者荣耀王小贱·国服猴子的直播精彩时刻 ,1,小视频,"王者荣耀,王者荣耀 #王者荣耀王小贱·国服猴子的直播精彩时刻 ",http://txmov2.a.yximgs.com/upic/2023/02/11/18/BMjAyMzAyMTExODA0NDNfMzIxNDkxODQ0NV85NTk4MTA2ODY3Nl8wXzM=_b_Bdd75c9b0ba7f07d3b1f85588b74733f7.mp4
#御御搞笑记,1,小视频,御御搞笑记,http://183.240.22.86/upic/2023/04/21/18/BMjAyMzA0MjExODAzNTdfMTM3NjgwMzg3XzEwMTE0MjYxMDkxMF8xXzM=_b_B45fd77cab232505fabd363c17dc79c52.mp4
韩国发型师现场裁剪美感短发技术 #女生短发  #减龄发型  #女生发型 ,1,小视频,女生短发  #减龄发型  #女生发型 ,http://120.233.198.14/upic/2022/12/24/16/BMjAyMjEyMjQxNjM1MjdfODA2MjI4OTQ3XzkxODY3MjMzODgwXzBfMw==_b_Bb860cb5053620663c566cfd5256dca0d.mp4
2023年热门歌曲这几首歌你是否听过几首？ @热点(O40300129) @粉条(O40300047) @酱辰崽私藏 ·✨(O2350630242) @悦悦会发光•✨(O337070537) @悦悦想吃糖•🍭(O2363202974) @初遇冬.(O2932480303) @南 波 万(O2692818600) #歌曲串烧 #柒柒有点甜个人标签 #2023年热门歌曲,1,小视频,"2023年热门歌曲,柒柒有点甜个人标签,歌曲串烧",http://120.238.155.159/upic/2023/04/22/12/BMjAyMzA0MjIxMjQwMjNfMjE3MzA0NjQyOV8xMDEyMDQ2Nzk2NDVfMl8z_b_B3ea2a378462fc193b8724b93046ac5c7.mp4
这一段时间我也在反思我自己，很多时候是我忽略了你的感受，没能及时的去了解你，也说了违心的话，让你对我积累了很多的失望，遗憾的是我们还没有学会好好沟通，特别是我，在你最需要我的时候，我没有及时的去陪伴你，忽略了你是我大意了，你无微不至的关心让我觉得拥有了就不会再失去，现在我才知道，你一次次的期待都变成了失望，你给我的机会我次也没把握住，是多么的无知，我现在想起来真的是好后悔，所以我希望你还能再给我次挽回的机会，让我好好弥补自己的过错，这也是给彼此未来的一个机会，这一次我不会大意了，不会再把你弄丢了，我一定好好珍惜，还有机会和好嘛？如果有的话就让我们一起去散散步吧坐下来好我永远都会站在你这边就凭你能让我天天满脑子里想的都是你，我会宠着你，我哪里做的不对我会主动认错，谈一谈把心结都解开，相信我，我一定能陪你走到最后！ #分手现场 #分手 #复合,1,小视频,"分手,分手现场,复合",http://183.237.198.205/upic/2023/04/24/18/BMjAyMzA0MjQxODE2MTBfMzAxNjY3NTg2OF8xMDEzOTE5NTcxMjBfMl8z_b_Bf63215d6c90a992ce2469b779cba8f1f.mp4
不妨看淡一点，洒脱一点万事两难全，人生就是这样，无论怎么走都有遗憾，不过是兜兜转转，再难相见罢了。    #快影万粉扶持计划 #情感 #爱情 @热点(O40300129) @粉条(O40300047) @光合计划助手(O40300118),1,小视频,"快影万粉扶持计划,情感,爱情",http://183.237.198.204/upic/2023/04/28/20/BMjAyMzA0MjgyMDI4NTZfNjQ2ODE1MzE1XzEwMTY4MTA1OTI3NF8yXzM=_b_B7c4804f421e83b9c31a3ed09e269789b.mp4
...,1,小视频,,http://120.240.96.213/upic/2023/04/09/11/BMjAyMzA0MDkxMTIwNDZfMTUyNDYyNDAxNV8xMDAxODUxNTQ4NjJfMV8z_b_Baddb0c59eae1013261029c17b4b7a629.mp4
不让亲的女朋友比过年的猪还难按 全是反骨 #恋爱日常 #情侣 #内容过于真实,1,小视频,"内容过于真实,恋爱日常,情侣",http://120.233.198.14/upic/2023/04/24/12/BMjAyMzA0MjQxMjA3NDJfMTM4MDc0OTRfMTAxMzcxODMxOTM2XzFfMw==_b_Beb5c01331a60f11b4640d7c6852387ad.mp4
尊的泰裤辣 #走秀 #泰裤辣 #模特队,1,小视频,"模特队,泰裤辣,走秀",http://120.233.198.14/upic/2023/04/28/12/BMjAyMzA0MjgxMjEwMjlfODQ4Njc5NDc2XzEwMTY0MjkzNTE4NF8xXzM=_b_B08fc9b8a3d6746a2bc86a0869e0aa4cd.mp4
#干活累了放松一下 #平平淡淡的简单的幸福 #热点热门,1,小视频,"干活累了放松一下,平平淡淡的简单的幸福,热点热门",http://120.238.155.163/upic/2023/04/25/16/BMjAyMzA0MjUxNjE2NTBfNDkyNDAxMDE3XzEwMTQ1MTI4MDg4Ml8xXzM=_b_B7fff596473fb608064e55d17a6575109.mp4
傅爷别撩了#小说 #小说推荐 #宝藏小说 ,1,小视频,小说 #小说推荐 #宝藏小说 ,http://183.237.198.198/upic/2023/01/29/10/BMjAyMzAxMjkxMDUyMzNfMzI2NDI5MjE3NV85NDg4ODQzMzQyMl8wXzM=_b_B44dae1460e0c1d2c862c6e840a5efd53.mp4
#民间故事 #惊悚悬疑 #奇闻异事 ,1,小视频,民间故事 #惊悚悬疑 #奇闻异事 ,http://120.238.155.159/upic/2023/04/21/22/BMjAyMzA0MjEyMjAzNDlfMjIwODcwODQ0OF8xMDExNjkxODcyMzFfMF8z_b_Bae0ccc3885950027406c656f16b9de89.mp4
摊牌了，我是怎么成功的。一直坚持到现在，对的方法，对的技术，对的互联网，对的。好好坚持。你也能成功 #美发人加油 #挂耳短发 #发型@认证小助手(O929027477) @我要上热门(O1907752910) @粉条(O40300047),1,小视频,"发型@认证小助手(O929027477),挂耳短发,美发人加油",http://183.237.198.200/upic/2023/02/05/21/BMjAyMzAyMDUyMTUzMDJfMTg4NDE1ODQ4OV85NTU2MDE1OTU0OV8xXzM=_b_B0f58b69a157d2c301ca519ba1bff6a4c.mp4
...,1,小视频,,http://183.240.22.90/upic/2023/04/18/21/BMjAyMzA0MTgyMTA2NTlfMTQ2OTkxMzQ2MV8xMDA5NDQxMDQyOTRfMl8z_b_B769efc98c58a17aa810057bdb5afaafd.mp4
@平台帐号(O90041) @smy_jennie♡(O2899472265) @乖乖听话⁸(O2318437757) @^Mikky新鲜姐.(O982074344) @🌷柠萌&🌸(O2875088214) @妍芮(O2415079571) @姜皖☆/(O2983303361) @美女的心乱₇₈糟(O2887519127) @”甜系&森九.(O2827694695) @Aaaa小醋包(O2870749234) @美吕.-玖曦（玩蛋仔）(O2946315267) @伊奈(O1947960757) @深情小美(O2897876902) @可爱丶猫(O3228618382) @热点(O40300129) @管理员(O40300143) @脚踩杨幂(O2416996904),1,小视频,,http://183.240.22.79/upic/2023/04/30/11/BMjAyMzA0MzAxMTU0MTBfMjM3MzYwMDE5OV8xMDE4MzgwMTU2MzZfMl8z_b_B9811ff7a1bc6a25c5da77c83e6a34170.mp4
@.NARITO_X(O1199413692) 感谢小姐姐的伴奏 #fpy #晴天 #女高中生,1,小视频,"fpy,女高中生,晴天",http://120.234.167.73/upic/2022/11/10/18/BMjAyMjExMTAxODMwNDdfMTEzNTg1Mjg5M184ODM5NzkyODM4NF8xXzM=_b_B661bde2056279499a1a7e5799d7c0610.mp4
吃肉😎 #远离赌博,1,小视频,远离赌博,http://120.238.155.136/upic/2023/03/22/19/BMjAyMzAzMjIxOTQxMzNfMzU2MDM3MTI4Xzk4NzYzNTkyMjE5XzFfMw==_b_Bd62386e1ad06ddd4893fad0dd1e4e155.mp4
缅怀一代伟人毛主席 #缅怀伟人 #致敬一代伟人  #历史,1,小视频,"历史,缅怀伟人,致敬一代伟人",http://183.237.198.206/upic/2023/04/28/08/BMjAyMzA0MjgwODUyNTlfMjU2MTc1MDExMF8xMDE2MzI1NjM3MDRfMl8z_b_B3ac1b36043a43379c5a122d01a14784d.mp4
6人进竹林拔笋，5小时就1000多斤，主要是掰笋的声音实在太好听了,1,小视频,,http://183.237.198.205/upic/2023/04/20/19/BMjAyMzA0MjAxOTAxMjRfMjE2MDIwMzEwXzEwMTA2OTg2NDY3OV8wXzM=_b_B0a23f1c21b10f3c272833826412494c8.mp4
现在大货车司机越来越少！越来越难做！因为他们受到了不公平对待和该有的尊重！希望可以善待卡友们❤️,1,小视频,,http://120.240.96.226/upic/2023/04/29/18/BMjAyMzA0MjkxODEzMjhfMjYxNzQ5ODAzMl8xMDE3NjcwNjgyNTlfMV8z_b_B533a22a0efa3f6286f099cf12457c048.mp4
葱包新吃法 @热点(O40300129) @美食(O40300058) #最美生活家 #家乡美食 #宅家菜 @粉条(O40300047),1,小视频,"宅家菜,家乡美食,最美生活家",http://183.240.22.104/upic/2023/04/29/18/BMjAyMzA0MjkxODAwMDVfMjgxMzU1MjE2MV8xMDE3NjY4MDc1NjdfMl8z_b_B6041b251fdcff9dfb16d72171f76cd13.mp4
#梦幻西游  #梦幻西游2 老王直播取出四伤害戒指，卖家传音已经去提车了！（完）,1,小视频,"梦幻西游,梦幻西游2",http://120.233.198.10/upic/2022/12/21/13/BMjAyMjEyMjExMzMyMjNfMjU4OTk2NzM2Ml85MTYzMDczMjY1NF8yXzM=_b_B135690075b815052e7489e5a5cdefa5f.mp4
手给我 天塌了我也陪你走 我说的.,1,小视频,,http://120.233.198.10/upic/2023/03/20/19/BMjAyMzAzMjAxOTAzMTFfMTE0MzI1MzU0Ml85ODYzMzMzMDE3Ml8xXzM=_b_Bc2970d1d47e676fa320e6acf6560e65a.mp4
以后只会越来越好，生活也是,1,小视频,,http://txmov2.a.yximgs.com/upic/2022/11/12/08/BMjAyMjExMTIwODQ4MjBfMjg3MTgzOTYyMV84ODUxMzE0Mjg1OF8yXzM=_b_B12d46f6ea6dc6f131898bc79b07f2a34.mp4
 #讲故事 #灵异故事 #民间故事 ,1,小视频,讲故事 #灵异故事 #民间故事 ,http://120.234.167.77/upic/2023/04/03/17/BMjAyMzA0MDMxNzI5MzRfMzE4MjY0MDU2Nl85OTcwNTcyNzUwNF8wXzM=_b_Bcb35ca4c7d9891f4a17601a8f8231f32.mp4
#名侦探柯南剧场版 #怪盗基德 因为他喜欢我这个大哥哥,1,小视频,"名侦探柯南剧场版,怪盗基德",http://183.237.198.203/upic/2023/01/08/16/BMjAyMzAxMDgxNjI2MzFfMjg5MzMwNjIwOV85MzA1NTM1MDk0NV8yXzM=_b_B0aaba2c56235181ce6a7bb5da3c392e9.mp4
#yoonton #云吞夫夫 好爱😍😍😍,1,小视频,"yoonton,云吞夫夫",http://120.233.198.10/upic/2023/01/27/10/BMjAyMzAxMjcxMDI1NThfMTQ0MjQzMzQzM185NDcxNjQzMDE4NV8yXzM=_b_B4405403bf54cd928b07c02d2501feda5.mp4
虽然前台工资少 但是真的很轻松#vlog我的日常 #vlog,1,小视频,"vlog,vlog我的日常",http://120.233.198.10/upic/2023/04/21/20/BMjAyMzA0MjEyMDA2MjVfMjM2NzkxNjUxNF8xMDExNTUzMzUzOTdfMV8z_b_Be262c3a00496ffdc6d040ce29068bd71.mp4
你知道中国最惨网红是谁么？,1,小视频,,http://120.238.155.148/upic/2023/04/29/19/BMjAyMzA0MjkxOTE5MjZfMzY1MDg2MzE2XzEwMTc3NTc3OTI2N18xXzM=_b_Bf9f7fe95fd51efc880bd15e43107710d.mp4
#生活家养成计划  #发型  #同城   短发如何剪高级,1,小视频,"发型,同城,生活家养成计划",http://jsmov3.a.yximgs.com/upic/2023/01/13/19/BMjAyMzAxMTMxOTQ2NThfMjgyNjQxNzgyN185MzQ5NjM3MDg1NV8yXzM=_b_B54b996318695b2aeb024763e47666494.mp4
眼神拿捏 #甜系女孩,1,小视频,甜系女孩,http://120.234.167.73/upic/2023/03/27/20/BMjAyMzAzMjcyMDE5NDZfNDM2ODgxMzk4Xzk5MTY2NDIwMDQ2XzFfMw==_b_B28a49f430dc9b7f5490c1b7ea1761ba8.mp4
"没见过bt 可以艾特几个给我看看吗  #快来跳舞 #氛围感拉满挑战
 @热点(O40300129)",1,小视频,"快来跳舞,氛围感拉满挑战",http://120.238.155.164/upic/2023/04/09/17/BMjAyMzA0MDkxNzUxNThfNzg3NTgyMzk2XzEwMDIyMDA5MDU2NV8xXzM=_b_B830161c34e9780b4c12fe709f8cdaa7f.mp4
"@小胖闯非洲🌍全球户外(O128766465) 你永遠被愛著，永遠不會被遺忘。
願你的靈魂
安息！🙏🏾❤️🕊️🕊️",1,小视频,,http://183.237.198.200/upic/2023/04/24/13/BMjAyMzA0MjQxMzI1MDRfNjExMDk3OTg1XzEwMTM3NTk1ODU3N18xXzM=_b_Be972923cdfa36c8fd25a36569b9429e1.mp4
这是谁家的小allright @桃子味🍑(O2604196686)  #林凡不平凡 ,1,小视频,林凡不平凡 ,http://120.234.167.77/upic/2023/04/26/04/BMjAyMzA0MjYwNDEwMTFfMjk1NTQ4NzY4NV8xMDE0ODc0MjI3MDlfMF8z_b_B86892d96d4930a1b26a5456a8995b37a.mp4
"荔枝爱好者聚集地来咯
都吃过什么品种的荔枝
一起来唠唠嗑 #果实累累丰收在望 #上热门作品 #有谁想吃的来啊",1,小视频,"上热门作品,有谁想吃的来啊,果实累累丰收在望",http://183.240.22.73/upic/2023/04/22/09/BMjAyMzA0MjIwOTQ5MTNfMTU5NjAzODc1Nl8xMDExOTcwMDc5MzRfMl8z_b_B4fa7608e264e3a6da2abfbdbce5600bd.mp4
"输赢不重要 他这个年纪能做到这样已经很厉害了 他每天都在努力做的更好 他真的不比任何人差 他真的很好很好  希望那些黑粉不要再骂他了 他不是人名币 做不到每个人都喜欢 不爱请别伤害 他这个人真的很好 并不是你们想象中的那么差 都是为了生活 他也在慢慢努力得到更多人的喜欢和认可 迪宝加油 我们一直在你身后陪着你💙 @李迪迪🌛（不忘•初心）(O60009682)  #李迪迪 #迪and紫怡  
最好的朋友 @雯姐.DL(O1476983764) @小绮咯🖤迪(O990156518) @憨憨.💙迪家军ᴳᴸ(O2196258362) @甜甜ᴸᴰᴰ 🥀(O450648490) @.I-W(O1686690884) @李迪迪·柚柚柚.🌷(O2393172763) @ID困-困(O2446052547) @小愛i李迪迪～涵(O3232828491) @苏婉柔i谷丽.(O1924545157) @挽留💙『迪丽』(O1862311538) @-芭比语.💤迪丽(O1096579520) @舒冉.💙迪家军ᴳᴸ (O2361731068) @枝裕i李迪迪ᴰᴸ💙(O1873895335)",1,小视频,"李迪迪,迪and紫怡",http://120.238.155.148/upic/2023/04/30/00/BMjAyMzA0MzAwMDUxNTdfODMwNTM3NjkwXzEwMTgwODY4NDMzNl8yXzM=_b_B1dddf0cde8e56c8c23b554470c40f70d.mp4
安徽小伙闯越南 5.1日大婚 @安徽小伙闯越南5月1结婚(O1331388676) #越南生活,1,小视频,越南生活,http://120.233.198.10/upic/2023/04/29/18/BMjAyMzA0MjkxODI5NDZfMzI4Njk2OTU2XzEwMTc2OTgzOTkwM18xXzM=_b_B46ed44f9ab0fbe78d8e379bf16c1ed1a.mp4
安然与奶糖互动.引发浅浅大哭#新一代祖师爷安然 #偏爱都在1025 #直播剪辑 @安然·偏爱都在1025(O936782475) @直播(O40300048),1,小视频,"偏爱都在1025,新一代祖师爷安然,直播剪辑",http://120.238.155.138/upic/2023/04/16/06/BMjAyMzA0MTYwNjM1MzVfMjk4Mjg4MzIwN18xMDA3MjU5NzY0NjNfMV8z_b_Bfc0af6b6a6e3b9ad67bbc1f89c957b22.mp4
#搞怪表情包,1,小视频,"{""bucket"":1},搞怪表情包",http://120.238.155.136/upic/2023/04/27/19/BMjAyMzA0MjcxOTE0NDRfMTEwOTgxOTc0MF8xMDE1OTgxODk1ODJfMl8z_b_B2a68ab017d9df1d34820157485b0fb2d.mp4
...,1,小视频,,http://183.237.198.206/upic/2023/04/29/10/BMjAyMzA0MjkxMDE2MDNfMjg5ODkyMTkwNl8xMDE3MjM2NTk1NDlfMV8z_b_B8b9f11c98fc012d6b92bbcec62b4b9d2.mp4
抓一只可爱的017.#袁一琦 #宝藏女孩袁一琦 @热点(O40300129) @我要上热门(O1907752910),1,小视频,"宝藏女孩袁一琦,袁一琦",http://120.233.198.14/upic/2022/11/09/13/BMjAyMjExMDkxMzQ3MjNfMTAwNzQzNTk1M184ODMwOTYzOTcwM18yXzM=_b_B20476fae828b9a156c5c1ddb1db1455a.mp4
#纯情女初,1,小视频,纯情女初,http://183.237.198.199/upic/2023/03/31/19/BMjAyMzAzMzExOTMxNTBfMjg2MTI1MzU0Xzk5NDM3NTUwMjQ0XzFfMw==_b_Bad31c28a539bf6f2c9150639773efe86.mp4
如果有一天/你记起了我的好/别回头/我不在 #情感语录,1,小视频,情感语录,http://183.240.22.90/upic/2023/04/05/23/BMjAyMzA0MDUyMzIyMDJfMjk3ODE3NTUzOF85OTkxMTEwODE3NV8yXzM=_b_B4b14b269a84c69b051171cbb9532f0cb.mp4
一见钟情的人又怎么只甘心做朋友呢,1,小视频,,http://120.238.155.160/upic/2022/11/28/22/BMjAyMjExMjgyMjQyNDhfMTE4MjgyMjM1OF84OTg2MzM4MzgxM18xXzM=_b_B0ccc6c74d40cfa36f2ec18c2886eb8b8.mp4
#所谓的幸福其实很简单 #李海海zee林景云nunew 日常沉迷于海景❤️,1,小视频,"所谓的幸福其实很简单,李海海zee林景云nunew",http://183.237.198.199/upic/2023/04/29/20/BMjAyMzA0MjkyMDA0MTNfNjgzNjExNDMxXzEwMTc4MDk1MzMxNF8xXzM=_b_B30e4417f701ed5cd7c32fee3ff4b0e37.mp4
【民间故事】有人给你托过梦吗？说什么了？ #新知创作人 #光合计划 #民间故事 @深海说(O2883178679) @哈尔滨拓展团建(O776849451),1,小视频,"光合计划,新知创作人,民间故事",http://120.234.167.72/upic/2023/04/25/17/BMjAyMzA0MjUxNzMzMTRfMjg1Mzk3OTQ4Nl8xMDE0NTU1MjIxNjlfMV8z_b_B0ad72b2478515975d68c55d77df631d6.mp4
收藏古钱，凑颜色是什么鬼？#铜钱  #古钱币银元铜钱收藏 @热点(O40300129) ,1,小视频,"古钱币银元铜钱收藏 @热点(O40300129) ,铜钱",http://120.238.155.162/upic/2023/04/23/11/BMjAyMzA0MjMxMTUwMDRfNzYxNzYwMzAyXzEwMTI5NTI4OTU5Ml8wXzM=_b_Be31bdc63be10edf1a259bdefefaced51.mp4
我店里用的鲜香万能炸串酱，简单好吃，送给咱家老铁，感谢一路支持！,1,小视频,,http://bdmov.a.yximgs.com/upic/2023/02/12/18/BMjAyMzAyMTIxODMyMDRfNzYwODEyOTI3Xzk2MDcwOTYyMzA1XzJfMw==_b_B662d1a2393060d7f4e97c46a1c4336de.mp4
动感光波来喽biu biu biu#动感光波 #完美身材 #创作服务中心,1,小视频,"创作服务中心,动感光波,完美身材",http://jsmov3.a.yximgs.com/upic/2023/04/14/07/BMjAyMzA0MTQwNzIzMjNfMTEyNzE0Nzc0M18xMDA1NDAwNjUwODZfMl8z_b_Bb8938201dd03472ee44591a098054796.mp4
颜值不太重要 感觉至上才是王道. @小 阿 广.⚜️(O2858925795) @热点(O40300129) #气质男人,1,小视频,气质男人,http://120.234.167.73/upic/2023/04/29/20/BMjAyMzA0MjkyMDE4NTBfMTM5MDkxNzA1Ml8xMDE3ODMwMjYwNzVfMV8z_b_B78b404c4576e481c51362aa909364a9b.mp4
别管已魔怔 @粉条(O40300047) @评论(O40300178) @热点(O40300129) #胆小勿入 #不是本人,1,小视频,"不是本人,胆小勿入",http://upmov.a.kwimgs.com/upic/2023/04/06/16/BMjAyMzA0MDYxNjU0NDZfMjE3ODA2NDgyNV85OTk1MTI0NTM1NV8xXzM=_b_B12274461e6fd161dcf317d8a4fe7b5b0.mp4
@子林 、(O70095129) @桂哥.M🖤(O1325899862) 留下你们的爱心,1,小视频,,http://183.240.22.104/upic/2023/02/18/22/BMjAyMzAyMTgyMjI2MzdfMjY4Nzg1NzY2Xzk2NTI3MjE4MTY2XzFfMw==_b_Ba41ba60ac71162305ad06e2b50257771.mp4
青春肆意张扬 热爱经久不息  这首歌唱哭了多少人呢 #音乐 #再见 @我要上热门(O1907752910) @热点(O40300129),1,小视频,"再见,音乐",http://txmov2.a.yximgs.com/upic/2023/04/05/10/BMjAyMzA0MDUxMDI0MDRfMzEwOTMyODU5NV85OTgzODE0NTgxMF8xXzM=_b_Bcf5efbe1d1211aec12176596bee87c1b.mp4
又是嘎嘎猛落地成盒的一天。 #这表情我也是醉了,1,小视频,这表情我也是醉了,http://bdmov.a.yximgs.com/upic/2023/04/30/19/BMjAyMzA0MzAxOTAwMjFfMjMyOTkwODc2N18xMDE4ODA3OTg1MzBfMV8z_b_B3647e7eaa4c2b4f900da41d16aa252b4.mp4
#记录我的农村生活,1,小视频,记录我的农村生活,http://120.233.198.10/upic/2023/04/29/19/BMjAyMzA0MjkxOTU0MjZfMjg1NDI5MDUzNV8xMDE3Nzk5Mzg1NzFfMV8z_b_Bcfcfa6f8eaa3c5e123485b3e0b31ecc0.mp4
#和平精英  #光和计划,1,小视频,"光和计划,和平精英",http://120.238.155.141/upic/2023/02/13/20/BMjAyMzAyMTMyMDAzNDVfMTExNDI4NDQ3Nl85NjE0ODg5ODc5Ml8xXzM=_b_B47a5244f2e0a1a971abdf85d46f18439.mp4
@吃货静妹（不信评论区）(O1837192295) #记录我的农村生活 #别屏蔽别限流啊啊啊 #支持正能量,1,小视频,"别屏蔽别限流啊啊啊,支持正能量,记录我的农村生活",http://120.233.198.11/upic/2023/04/15/12/BMjAyMzA0MTUxMjU4MTNfMjgyNzY5NTc5NF8xMDA2NDgzMzU3NzRfMV8z_b_B106003b48021c3cf1efa61328923993b.mp4
火鸡面拌饭来啦！哈哈我老吃你们要说我，我几天不吃，你们又想念火鸡面哈哈哈哈 #火鸡面拌饭 #外婆菜,1,小视频,"外婆菜,火鸡面拌饭",http://183.240.22.83/upic/2023/04/26/20/BMjAyMzA0MjYyMDAyMjdfMTk0ODIzNDk2XzEwMTUzMzUwMzQ1NF8xXzM=_b_B6b41170d1d33048cb573afb747f9ff9a.mp4
...,1,小视频,,http://120.238.155.153/upic/2023/04/17/22/BMjAyMzA0MTcyMjMzMDFfMTQ1MjQ0Njc5MV8xMDA4ODE2ODc0ODNfMV8z_b_B0135e402eca2a6d7f7af210261b02652.mp4
一只羊的多种吃法 #农村烟火气息 #记录春日美好生活 #吃喝玩乐极限挑战,1,小视频,"农村烟火气息,吃喝玩乐极限挑战,记录春日美好生活",http://183.237.198.198/upic/2023/04/29/17/BMjAyMzA0MjkxNzM1MzJfMjgyNTAxNjU3NV8xMDE3NjQzNDc1MTBfMV8z_b_B6f46d6cb12b234bfc1b110ec155d2e3b.mp4
看完知道发给谁了吧！ #隐藏表白图  #深色模式隐藏表白图  #隐藏表情包,1,小视频,"深色模式隐藏表白图,隐藏表情包,隐藏表白图",http://183.240.22.88/upic/2023/04/29/14/BMjAyMzA0MjkxNDU5MjhfMzI3MTU5MzQxNV8xMDE3NDkzMTQ0MjZfMl8z_b_B99b8d38f5102430e7fbed4eb480ed6e2.mp4
农民工老王爱上了夜总会小姐，结局太惨了！ #因为一个一片段看了整部剧,1,小视频,因为一个一片段看了整部剧,http://120.240.96.215/upic/2023/04/28/21/BMjAyMzA0MjgyMTIzMzBfMTcyNzMxNzQ1XzEwMTY4NzM3MDA5OV8yXzM=_b_B361b3e28856bec2388c5271edbe3c0c5.mp4
#最美生活家,1,小视频,最美生活家,http://120.238.155.141/upic/2023/04/26/17/BMjAyMzA0MjYxNzE3NDlfMjI1OTY4OTY4Nl8xMDE1MjE0OTA0OTBfMV8z_b_Bc4a8b7dc9c788dd88d804660187556f0.mp4
随心所欲的生活说不定更顺风顺水,1,小视频,,http://120.233.198.14/upic/2023/05/01/00/BMjAyMzA1MDEwMDE5MjlfMTM0NDQxOTMwNl8xMDE5MTYyNDA3NDNfMl8z_b_B26b340ca8072b3cc2872e1da8328e22b.mp4
赌赢奖励一首歌？这个赌博机阿特真是玩不明白，超市小老板们注意了这个东西不要碰！,1,小视频,,http://183.237.198.198/upic/2023/04/30/21/BMjAyMzA0MzAyMTIyMzBfMTMyNTQ1MDg4M18xMDE4OTg4NDg3NjhfMV8z_b_Bf3f5fcc4e1a228f8ed4f2a9abd0f3ebf.mp4
#性感身材  #花式过五一  #气质美女,1,小视频,"性感身材,气质美女,花式过五一",http://183.237.198.205/upic/2023/04/29/10/BMjAyMzA0MjkxMDU3NDRfMjE3ODYwNDI0MF8xMDE3MjcxNTU4MzhfMl8z_b_B83df0e56218f5f2ab93c8dafb0f71490.mp4
#喜欢就关注我哦  #花式过五一  #性感丰满迷人气质女人,1,小视频,"喜欢就关注我哦,性感丰满迷人气质女人,花式过五一",http://120.240.96.225/upic/2023/04/30/08/BMjAyMzA0MzAwODI3MTdfMjE2MjUxNDUxOV8xMDE4MjA1NjU1NDNfMl8z_b_Bea962403468eaae7b1d902d3723f1fcf.mp4
#可爱小姐姐 #洛丽塔日常,1,小视频,"可爱小姐姐,洛丽塔日常",http://120.238.155.155/upic/2023/04/22/20/BMjAyMzA0MjIyMDMxMzFfMjM5NDQxNjMxOF8xMDEyNTc5NzYxMTlfMV8z_b_Bb915eb41c9e96886a67f6efc91f32544.mp4
手机相亲，谁又能拒绝一个会唱儿歌的女孩呢 #综艺 #恋综 #这谁顶得住啊,1,小视频,"恋综,综艺,这谁顶得住啊",http://120.233.198.10/upic/2023/02/10/17/BMjAyMzAyMTAxNzE1NTRfMzAxNTY0NjkyMl85NTg5NDMzNDY0MV8xXzM=_b_B15a81a7a10ef643f864a88db017415ec.mp4
入目无他人，四下皆是你.有你时你是太阳，我目不转睛:无你时我低头，谁也不看。 #宫崎骏治愈系动漫 #宫崎骏动漫壁纸 #宫崎骏的夏天,1,小视频,"宫崎骏动漫壁纸,宫崎骏治愈系动漫,宫崎骏的夏天",http://bdmov.a.yximgs.com/upic/2023/04/22/09/BMjAyMzA0MjIwOTA4MTZfMjM3MTA1NTA1NF8xMDExOTQyNzIyOTZfMl8z_b_B0f2b6ac2c886d487f14fca04517dcc7e.mp4
赶紧关闭你手机里的监听功能，防止隐私泄露！,1,小视频,,http://120.240.96.212/upic/2023/03/19/18/BMjAyMzAzMTkxODU3MDNfMjUzNjYzMDM3MF85ODU2ODI1ODMzNl8wXzM=_b_Bf45fa01349622c38726a502e049f6bfc.mp4
375个酒驾执勤点，总有一个约定你 #拒绝酒驾 #五一假期,1,小视频,"五一假期,拒绝酒驾",http://183.237.198.200/upic/2023/04/29/12/BMjAyMzA0MjkxMjAwNTBfMTY1OTY1Njg0MF8xMDE3MzMwNTgyNzlfMV8z_b_B8896a6c3e31249fa6be3cfea87a55a21.mp4
#上热门 #明星 #明星故事 朱琳背后的故事 @热点(O40300129) @创作者中心(O40300138) @粉条(O40300047),1,小视频,"上热门,明星,明星故事",http://120.238.155.156/upic/2023/04/29/18/BMjAyMzA0MjkxODUzMDJfMjI4NDUzNjk5OF8xMDE3NzIzODMxMjdfMl8z_b_Bc86423d05a9fc1f6d1ab25e134b39bfb.mp4
由真实故事改编的惊悚动画 #快影万粉扶持计划#， @热点(O40300129) @平台帐号(O90041) #我的观影报告 #影视高热计划,1,小视频,"影视高热计划,快影万粉扶持计划,快影万粉扶持计划#，,我的观影报告",http://183.237.198.206/upic/2023/04/28/23/BMjAyMzA0MjgyMzQ4MTFfMjQ1OTQwMTI5OV8xMDE3MDA1NjQyMzdfMl8z_b_B836c27e38a0c6560df12ddc084908cf1.mp4
#减肥 #减脂,1,小视频,"减肥,减脂",http://120.238.155.141/upic/2023/04/25/09/BMjAyMzA0MjUwOTIwMjNfMjQwMDYyODE4XzEwMTQyOTk3Njc1Ml8xXzM=_b_B97ca8a03a02aa71376404b4fb13ab6d4.mp4
#丝滑连招 #内向害羞社恐腼腆文静小女生,1,小视频,"丝滑连招,内向害羞社恐腼腆文静小女生",http://txmov2.a.kwimgs.com/upic/2023/04/17/19/BMjAyMzA0MTcxOTQ1MzRfMjEyNjU5MDMzMF8xMDA4NjYxNjgyMjFfMV8z_b_B2c94aa1d14c79e5c2b4bb2b028cbce25.mp4
#快来泡温泉 #温泉度假村 #平淡的日子里泛着光,1,小视频,"平淡的日子里泛着光,快来泡温泉,温泉度假村",http://183.240.22.83/upic/2023/04/30/23/BMjAyMzA0MzAyMzI5MzBfMTIxMTY1NTZfMTAxOTEzMDA4MjMyXzFfMw==_b_B3ec271990f49836a7f660c078b937904.mp4
时间过得真快，又是一年梨花开，告诉我你的地址，我们把十里春风寄给你！ #松鸣岩88啤特果 #梨花树下的约定 #和政县第八届高原梨花旅游推介活动,1,小视频,"和政县第八届高原梨花旅游推介活动,松鸣岩88啤特果,梨花树下的约定",http://183.240.22.122/upic/2023/04/29/08/BMjAyMzA0MjkwODMxMjdfMjQ1MTk5MDUwXzEwMTcxNTkwNTE1OF8yXzM=_b_B1e4320f264e4989fc1b04a89ec2378d4.mp4
偶尔拍拍点点滴滴 真的很幸福 当然要记录一下啦 @王 一 果(O430358328) #宇一果,1,小视频,宇一果,http://120.240.96.227/upic/2023/04/29/17/BMjAyMzA0MjkxNzMzMDZfMjM1MDUxNTQzXzEwMTc2Mzg3MTc5NF8xXzM=_b_Ba9f3fe90e5ff439f14b92c79fbdc8bfe.mp4
陨落是常态，现在回头还不晚! #澳门 #澳门旅游攻略 #澳门那些事,1,小视频,"澳门,澳门旅游攻略,澳门那些事",http://120.240.96.214/upic/2023/04/29/17/BMjAyMzA0MjkxNzEwNDBfMjMyMzc2NjkzN18xMDE3NjE1Njg4NzFfMl8z_b_Ba53b8a767f1ab51c9f637b61b69238a9.mp4
小店没有高档的装修，一个人一家店三台仓，每天都是老带新，从早忙到晚，踏踏实实的感觉挺好！,1,小视频,,http://183.240.22.87/upic/2023/04/30/10/BMjAyMzA0MzAxMDM3NDVfMjYzMjMwNjQyNF8xMDE4MzA4MTM3MzZfMV8z_b_B8aa478b1c78756464de03a450c9cc192.mp4
"初二生地会考，这个热点一定要关注
 #家长必读 #初中 #生地会考",1,小视频,"初中,家长必读,生地会考",http://120.238.155.136/upic/2023/04/23/11/BMjAyMzA0MjMxMTM0MDRfMjgwOTg5ODA5Ml8xMDEyOTgwNzYxNDdfMF8z_b_B7d919b31a49cdd7f9f8c2b4a8f877e0f.mp4
猜猜 #江斯丹顿 保养花费了多少元子？ #手表维修 #缠住吻住春风吹住我吗,1,小视频,"手表维修,江斯丹顿,缠住吻住春风吹住我吗",http://120.233.198.10/upic/2023/04/15/16/BMjAyMzA0MTUxNjIzMDhfMTE4Mzk4OTE1NV8xMDA2NjczMzU5MDNfMV8z_b_B2a1847ab123cce4d9c46af217fa3b507.mp4
师傅说:当有一天，生你养你的两个人都走了，这世间就再也没有任何人，真心实意的疼你爱你了。没有人在意你过得好不好，工作累不累，胖了还是瘦了，再没有人忍你的坏脾气，包容你的缺点，父母在人生尚有来处，父母去人生只是归途!  #佛语禅心  #禅悟人生 #父母,1,小视频,"佛语禅心,父母,禅悟人生",http://120.233.198.10/upic/2023/04/28/09/BMjAyMzA0MjgwOTI4MzJfMzA2MzYyMTYzMl8xMDE2MzQyMzk4MDhfMl8z_b_B083d7801dba73784cd23dbe98cb67181.mp4
夏天的第一顿小龙虾 @创作者中心(O40300138) #情侣日常,1,小视频,情侣日常,http://183.240.22.74/upic/2023/04/14/17/BMjAyMzA0MTQxNzEwNTdfOTMxMjU1MzQ1XzEwMDU3MjUwNjU4N18xXzM=_b_Ba74bd6c2509f79dca63109db659f5735.mp4
陪伴是最长情的告白 @头发会掉光吗(O1593396569) #友谊长存 #我们的第四年 #書yí,1,小视频,"友谊长存,我们的第四年,書yí",http://183.240.22.78/upic/2023/03/12/00/BMjAyMzAzMTIwMDMxMjVfMTY0NzY0NjI5OV85ODAyMTQxNDI5N18yXzM=_b_Bd7e5d339e72758c18b019bf5670c3450.mp4
这四个长相特征决定你长大以后会不会越变越丑 #你是什么脸型 #提高美商,1,小视频,"你是什么脸型,提高美商",http://120.238.155.159/upic/2023/03/22/18/BMjAyMzAzMjIxODI1MTNfNDUwMzYwNTMxXzk4NzU3NDc2NzQ1XzFfMw==_b_B02d31c820e4268eb3f58468d67045c95.mp4
...,1,小视频,,http://183.240.22.80/upic/2023/04/19/14/BMjAyMzA0MTkxNDI3MDZfMzQzNzk2NzM1M18xMDA5ODU3MTMxNTRfMV8z_b_Bd2776795874e57092e2d26cfc31383db.mp4
用过的手感最好的手机壳。，孔位精准，。超值。,1,小视频,,http://120.234.167.73/upic/2023/04/18/23/BMjAyMzA0MTgyMzIwMjVfOTQzMjIyMjhfMTAwOTU0MzE5ODM0XzFfMw==_b_Bc78f80c1dffc8e4ddfefc806039714a3.mp4
贵阳传承两代人的铁憨憨签烤肉，搭配折耳根蘸水风味更绝。 #贵州吃货团 #美食探店 #美食分享,1,小视频,"美食分享,美食探店,贵州吃货团",http://upmov.a.kwimgs.com/upic/2023/04/29/16/BMjAyMzA0MjkxNjMzMzZfNjgzMzQ0MzY5XzEwMTc1ODEzMDQxMF8xXzM=_b_Be66ad5faf0089f8a84e24f9674b195d3.mp4
老师为了教哑孩说话，自己却累哑了，不料其他学生的做法太绝了 #影视淘金计划 #艾特你想艾特的人 @热点(O40300129),1,小视频,"影视淘金计划,艾特你想艾特的人",http://183.237.198.204/upic/2023/04/20/16/BMjAyMzA0MjAxNjU1MjVfODUzMTkyMTk4XzEwMTA2Mjc0MjA1M18yXzM=_b_B21fbfb549f9a14b30ffd889de5698951.mp4
在没单的情况下像我这样跑让你停不下来😊 #外卖小哥的日常,1,小视频,外卖小哥的日常,http://jsmov5.a.yximgs.com/upic/2022/12/31/18/BMjAyMjEyMzExODE5NDlfNTkxNzQ0MjI4XzkyNDEwNjQ2NzE4XzFfMw==_b_Bbc8ba29ccb262a8fe8d1b86d08f2b462.mp4
